Cast date,Tx hash,Log index,Spell address,Token,Symbol,Amount,Movement,Tag,Coverage,From,From name,From prime,To,To name,To prime
2025-07-28,0xdd5bf338720c06dd098216e53a276a8bac00fddd80e94757f4e12c9e09f853ab,60,0x12a79facd8d6bbb1583593ef414897a9ba8f0d26,0x56072c95faa701256059aa122697b133aded9279,SKY,288242.139804639804639805,transfer,plumbing,new,0xbe8e3e3618f7474f8cb1d074a26affef007e98fb,MCD_PAUSE_PROXY,,0xc8d67fcf101d3f89d0e1f3a2857485a84072a63f,REWARDS_DIST_USDS_SKY,
2025-07-28,0xdd5bf338720c06dd098216e53a276a8bac00fddd80e94757f4e12c9e09f853ab,62,0x12a79facd8d6bbb1583593ef414897a9ba8f0d26,0x56072c95faa701256059aa122697b133aded9279,SKY,288242.139804639804639805,transfer,plumbing,new,0xc8d67fcf101d3f89d0e1f3a2857485a84072a63f,REWARDS_DIST_USDS_SKY,,0x0650caf159c5a49f711e8169d4336ecb9b950275,REWARDS_USDS_SKY,
2025-07-28,0xdd5bf338720c06dd098216e53a276a8bac00fddd80e94757f4e12c9e09f853ab,71,0x12a79facd8d6bbb1583593ef414897a9ba8f0d26,0x6b175474e89094c44da98b954eedeac495271d0f,DAI,4000,mint,plumbing,new,0x0000000000000000000000000000000000000000,,,0xbe8e3e3618f7474f8cb1d074a26affef007e98fb,MCD_PAUSE_PROXY,
2025-07-28,0xdd5bf338720c06dd098216e53a276a8bac00fddd80e94757f4e12c9e09f853ab,74,0x12a79facd8d6bbb1583593ef414897a9ba8f0d26,0x6b175474e89094c44da98b954eedeac495271d0f,DAI,4000,transfer,plumbing,new,0xbe8e3e3618f7474f8cb1d074a26affef007e98fb,MCD_PAUSE_PROXY,,0x3225737a9bbb6473cb4a45b7244aca2befdb276a,DAI_USDS,
2025-07-28,0xdd5bf338720c06dd098216e53a276a8bac00fddd80e94757f4e12c9e09f853ab,76,0x12a79facd8d6bbb1583593ef414897a9ba8f0d26,0x6b175474e89094c44da98b954eedeac495271d0f,DAI,4000,burn,plumbing,new,0x3225737a9bbb6473cb4a45b7244aca2befdb276a,DAI_USDS,,0x0000000000000000000000000000000000000000,,
2025-07-28,0xdd5bf338720c06dd098216e53a276a8bac00fddd80e94757f4e12c9e09f853ab,79,0x12a79facd8d6bbb1583593ef414897a9ba8f0d26,0xdc035d45d973e3ec169d2276ddab16f1e407384f,USDS,4000,mint,protocol-outflow,new,0x0000000000000000000000000000000000000000,,,0xb6c09680d822f162449cdfb8248a7d3fc26ec9bf,,
2025-07-28,0xdd5bf338720c06dd098216e53a276a8bac00fddd80e94757f4e12c9e09f853ab,84,0x12a79facd8d6bbb1583593ef414897a9ba8f0d26,0x6b175474e89094c44da98b954eedeac495271d0f,DAI,4000,mint,plumbing,new,0x0000000000000000000000000000000000000000,,,0xbe8e3e3618f7474f8cb1d074a26affef007e98fb,MCD_PAUSE_PROXY,
2025-07-28,0xdd5bf338720c06dd098216e53a276a8bac00fddd80e94757f4e12c9e09f853ab,87,0x12a79facd8d6bbb1583593ef414897a9ba8f0d26,0x6b175474e89094c44da98b954eedeac495271d0f,DAI,4000,transfer,plumbing,new,0xbe8e3e3618f7474f8cb1d074a26affef007e98fb,MCD_PAUSE_PROXY,,0x3225737a9bbb6473cb4a45b7244aca2befdb276a,DAI_USDS,
2025-07-28,0xdd5bf338720c06dd098216e53a276a8bac00fddd80e94757f4e12c9e09f853ab,89,0x12a79facd8d6bbb1583593ef414897a9ba8f0d26,0x6b175474e89094c44da98b954eedeac495271d0f,DAI,4000,burn,plumbing,new,0x3225737a9bbb6473cb4a45b7244aca2befdb276a,DAI_USDS,,0x0000000000000000000000000000000000000000,,
2025-07-28,0xdd5bf338720c06dd098216e53a276a8bac00fddd80e94757f4e12c9e09f853ab,92,0x12a79facd8d6bbb1583593ef414897a9ba8f0d26,0xdc035d45d973e3ec169d2276ddab16f1e407384f,USDS,4000,mint,protocol-outflow,new,0x0000000000000000000000000000000000000000,,,0x167c1a762b08d7e78dbf8f24e5c3f1ab415021d3,,
2025-07-28,0xdd5bf338720c06dd098216e53a276a8bac00fddd80e94757f4e12c9e09f853ab,97,0x12a79facd8d6bbb1583593ef414897a9ba8f0d26,0x6b175474e89094c44da98b954eedeac495271d0f,DAI,4000,mint,plumbing,new,0x0000000000000000000000000000000000000000,,,0xbe8e3e3618f7474f8cb1d074a26affef007e98fb,MCD_PAUSE_PROXY,
2025-07-28,0xdd5bf338720c06dd098216e53a276a8bac00fddd80e94757f4e12c9e09f853ab,100,0x12a79facd8d6bbb1583593ef414897a9ba8f0d26,0x6b175474e89094c44da98b954eedeac495271d0f,DAI,4000,transfer,plumbing,new,0xbe8e3e3618f7474f8cb1d074a26affef007e98fb,MCD_PAUSE_PROXY,,0x3225737a9bbb6473cb4a45b7244aca2befdb276a,DAI_USDS,
2025-07-28,0xdd5bf338720c06dd098216e53a276a8bac00fddd80e94757f4e12c9e09f853ab,102,0x12a79facd8d6bbb1583593ef414897a9ba8f0d26,0x6b175474e89094c44da98b954eedeac495271d0f,DAI,4000,burn,plumbing,new,0x3225737a9bbb6473cb4a45b7244aca2befdb276a,DAI_USDS,,0x0000000000000000000000000000000000000000,,
2025-07-28,0xdd5bf338720c06dd098216e53a276a8bac00fddd80e94757f4e12c9e09f853ab,105,0x12a79facd8d6bbb1583593ef414897a9ba8f0d26,0xdc035d45d973e3ec169d2276ddab16f1e407384f,USDS,4000,mint,protocol-outflow,new,0x0000000000000000000000000000000000000000,,,0x9244f47d70587fa2329b89b6f503022b63ad54a5,,
2025-07-28,0xdd5bf338720c06dd098216e53a276a8bac00fddd80e94757f4e12c9e09f853ab,110,0x12a79facd8d6bbb1583593ef414897a9ba8f0d26,0x6b175474e89094c44da98b954eedeac495271d0f,DAI,4000,mint,plumbing,new,0x0000000000000000000000000000000000000000,,,0xbe8e3e3618f7474f8cb1d074a26affef007e98fb,MCD_PAUSE_PROXY,
2025-07-28,0xdd5bf338720c06dd098216e53a276a8bac00fddd80e94757f4e12c9e09f853ab,113,0x12a79facd8d6bbb1583593ef414897a9ba8f0d26,0x6b175474e89094c44da98b954eedeac495271d0f,DAI,4000,transfer,plumbing,new,0xbe8e3e3618f7474f8cb1d074a26affef007e98fb,MCD_PAUSE_PROXY,,0x3225737a9bbb6473cb4a45b7244aca2befdb276a,DAI_USDS,
2025-07-28,0xdd5bf338720c06dd098216e53a276a8bac00fddd80e94757f4e12c9e09f853ab,115,0x12a79facd8d6bbb1583593ef414897a9ba8f0d26,0x6b175474e89094c44da98b954eedeac495271d0f,DAI,4000,burn,plumbing,new,0x3225737a9bbb6473cb4a45b7244aca2befdb276a,DAI_USDS,,0x0000000000000000000000000000000000000000,,
2025-07-28,0xdd5bf338720c06dd098216e53a276a8bac00fddd80e94757f4e12c9e09f853ab,118,0x12a79facd8d6bbb1583593ef414897a9ba8f0d26,0xdc035d45d973e3ec169d2276ddab16f1e407384f,USDS,4000,mint,protocol-outflow,new,0x0000000000000000000000000000000000000000,,,0x252abaee2f4f4b8d39e5f12b163edfb7fac7aed7,,
2025-07-28,0xdd5bf338720c06dd098216e53a276a8bac00fddd80e94757f4e12c9e09f853ab,123,0x12a79facd8d6bbb1583593ef414897a9ba8f0d26,0x6b175474e89094c44da98b954eedeac495271d0f,DAI,3733,mint,plumbing,new,0x0000000000000000000000000000000000000000,,,0xbe8e3e3618f7474f8cb1d074a26affef007e98fb,MCD_PAUSE_PROXY,
2025-07-28,0xdd5bf338720c06dd098216e53a276a8bac00fddd80e94757f4e12c9e09f853ab,126,0x12a79facd8d6bbb1583593ef414897a9ba8f0d26,0x6b175474e89094c44da98b954eedeac495271d0f,DAI,3733,transfer,plumbing,new,0xbe8e3e3618f7474f8cb1d074a26affef007e98fb,MCD_PAUSE_PROXY,,0x3225737a9bbb6473cb4a45b7244aca2befdb276a,DAI_USDS,
2025-07-28,0xdd5bf338720c06dd098216e53a276a8bac00fddd80e94757f4e12c9e09f853ab,128,0x12a79facd8d6bbb1583593ef414897a9ba8f0d26,0x6b175474e89094c44da98b954eedeac495271d0f,DAI,3733,burn,plumbing,new,0x3225737a9bbb6473cb4a45b7244aca2befdb276a,DAI_USDS,,0x0000000000000000000000000000000000000000,,
2025-07-28,0xdd5bf338720c06dd098216e53a276a8bac00fddd80e94757f4e12c9e09f853ab,131,0x12a79facd8d6bbb1583593ef414897a9ba8f0d26,0xdc035d45d973e3ec169d2276ddab16f1e407384f,USDS,3733,mint,protocol-outflow,new,0x0000000000000000000000000000000000000000,,,0xebce83e491947adb1396ee7e55d3c81414fb0d47,,
2025-07-28,0xdd5bf338720c06dd098216e53a276a8bac00fddd80e94757f4e12c9e09f853ab,136,0x12a79facd8d6bbb1583593ef414897a9ba8f0d26,0x6b175474e89094c44da98b954eedeac495271d0f,DAI,800,mint,plumbing,new,0x0000000000000000000000000000000000000000,,,0xbe8e3e3618f7474f8cb1d074a26affef007e98fb,MCD_PAUSE_PROXY,
2025-07-28,0xdd5bf338720c06dd098216e53a276a8bac00fddd80e94757f4e12c9e09f853ab,139,0x12a79facd8d6bbb1583593ef414897a9ba8f0d26,0x6b175474e89094c44da98b954eedeac495271d0f,DAI,800,transfer,plumbing,new,0xbe8e3e3618f7474f8cb1d074a26affef007e98fb,MCD_PAUSE_PROXY,,0x3225737a9bbb6473cb4a45b7244aca2befdb276a,DAI_USDS,
2025-07-28,0xdd5bf338720c06dd098216e53a276a8bac00fddd80e94757f4e12c9e09f853ab,141,0x12a79facd8d6bbb1583593ef414897a9ba8f0d26,0x6b175474e89094c44da98b954eedeac495271d0f,DAI,800,burn,plumbing,new,0x3225737a9bbb6473cb4a45b7244aca2befdb276a,DAI_USDS,,0x0000000000000000000000000000000000000000,,
2025-07-28,0xdd5bf338720c06dd098216e53a276a8bac00fddd80e94757f4e12c9e09f853ab,144,0x12a79facd8d6bbb1583593ef414897a9ba8f0d26,0xdc035d45d973e3ec169d2276ddab16f1e407384f,USDS,800,mint,protocol-outflow,new,0x0000000000000000000000000000000000000000,,,0x8d4df847db7ffe0b46af084fe031f7691c6478c2,,
2025-07-28,0xdd5bf338720c06dd098216e53a276a8bac00fddd80e94757f4e12c9e09f853ab,149,0x12a79facd8d6bbb1583593ef414897a9ba8f0d26,0x6b175474e89094c44da98b954eedeac495271d0f,DAI,400,mint,plumbing,new,0x0000000000000000000000000000000000000000,,,0xbe8e3e3618f7474f8cb1d074a26affef007e98fb,MCD_PAUSE_PROXY,
2025-07-28,0xdd5bf338720c06dd098216e53a276a8bac00fddd80e94757f4e12c9e09f853ab,152,0x12a79facd8d6bbb1583593ef414897a9ba8f0d26,0x6b175474e89094c44da98b954eedeac495271d0f,DAI,400,transfer,plumbing,new,0xbe8e3e3618f7474f8cb1d074a26affef007e98fb,MCD_PAUSE_PROXY,,0x3225737a9bbb6473cb4a45b7244aca2befdb276a,DAI_USDS,
2025-07-28,0xdd5bf338720c06dd098216e53a276a8bac00fddd80e94757f4e12c9e09f853ab,154,0x12a79facd8d6bbb1583593ef414897a9ba8f0d26,0x6b175474e89094c44da98b954eedeac495271d0f,DAI,400,burn,plumbing,new,0x3225737a9bbb6473cb4a45b7244aca2befdb276a,DAI_USDS,,0x0000000000000000000000000000000000000000,,
2025-07-28,0xdd5bf338720c06dd098216e53a276a8bac00fddd80e94757f4e12c9e09f853ab,157,0x12a79facd8d6bbb1583593ef414897a9ba8f0d26,0xdc035d45d973e3ec169d2276ddab16f1e407384f,USDS,400,mint,protocol-outflow,new,0x0000000000000000000000000000000000000000,,,0x0f04a22b62a26e25a29cba5a595623038ef7ace7,,
2025-07-28,0xdd5bf338720c06dd098216e53a276a8bac00fddd80e94757f4e12c9e09f853ab,162,0x12a79facd8d6bbb1583593ef414897a9ba8f0d26,0x6b175474e89094c44da98b954eedeac495271d0f,DAI,129,mint,plumbing,new,0x0000000000000000000000000000000000000000,,,0xbe8e3e3618f7474f8cb1d074a26affef007e98fb,MCD_PAUSE_PROXY,
2025-07-28,0xdd5bf338720c06dd098216e53a276a8bac00fddd80e94757f4e12c9e09f853ab,165,0x12a79facd8d6bbb1583593ef414897a9ba8f0d26,0x6b175474e89094c44da98b954eedeac495271d0f,DAI,129,transfer,plumbing,new,0xbe8e3e3618f7474f8cb1d074a26affef007e98fb,MCD_PAUSE_PROXY,,0x3225737a9bbb6473cb4a45b7244aca2befdb276a,DAI_USDS,
2025-07-28,0xdd5bf338720c06dd098216e53a276a8bac00fddd80e94757f4e12c9e09f853ab,167,0x12a79facd8d6bbb1583593ef414897a9ba8f0d26,0x6b175474e89094c44da98b954eedeac495271d0f,DAI,129,burn,plumbing,new,0x3225737a9bbb6473cb4a45b7244aca2befdb276a,DAI_USDS,,0x0000000000000000000000000000000000000000,,
2025-07-28,0xdd5bf338720c06dd098216e53a276a8bac00fddd80e94757f4e12c9e09f853ab,170,0x12a79facd8d6bbb1583593ef414897a9ba8f0d26,0xdc035d45d973e3ec169d2276ddab16f1e407384f,USDS,129,mint,protocol-outflow,new,0x0000000000000000000000000000000000000000,,,0x78c180cf113fe4845c325f44648b6567bc79d6e0,,
2025-07-28,0xdd5bf338720c06dd098216e53a276a8bac00fddd80e94757f4e12c9e09f853ab,175,0x12a79facd8d6bbb1583593ef414897a9ba8f0d26,0x6b175474e89094c44da98b954eedeac495271d0f,DAI,50167,mint,plumbing,new,0x0000000000000000000000000000000000000000,,,0xbe8e3e3618f7474f8cb1d074a26affef007e98fb,MCD_PAUSE_PROXY,
2025-07-28,0xdd5bf338720c06dd098216e53a276a8bac00fddd80e94757f4e12c9e09f853ab,178,0x12a79facd8d6bbb1583593ef414897a9ba8f0d26,0x6b175474e89094c44da98b954eedeac495271d0f,DAI,50167,transfer,plumbing,new,0xbe8e3e3618f7474f8cb1d074a26affef007e98fb,MCD_PAUSE_PROXY,,0x3225737a9bbb6473cb4a45b7244aca2befdb276a,DAI_USDS,
2025-07-28,0xdd5bf338720c06dd098216e53a276a8bac00fddd80e94757f4e12c9e09f853ab,180,0x12a79facd8d6bbb1583593ef414897a9ba8f0d26,0x6b175474e89094c44da98b954eedeac495271d0f,DAI,50167,burn,plumbing,new,0x3225737a9bbb6473cb4a45b7244aca2befdb276a,DAI_USDS,,0x0000000000000000000000000000000000000000,,
2025-07-28,0xdd5bf338720c06dd098216e53a276a8bac00fddd80e94757f4e12c9e09f853ab,183,0x12a79facd8d6bbb1583593ef414897a9ba8f0d26,0xdc035d45d973e3ec169d2276ddab16f1e407384f,USDS,50167,mint,protocol-outflow,new,0x0000000000000000000000000000000000000000,,,0xb6c09680d822f162449cdfb8248a7d3fc26ec9bf,,
2025-07-28,0xdd5bf338720c06dd098216e53a276a8bac00fddd80e94757f4e12c9e09f853ab,188,0x12a79facd8d6bbb1583593ef414897a9ba8f0d26,0x6b175474e89094c44da98b954eedeac495271d0f,DAI,16417,mint,plumbing,new,0x0000000000000000000000000000000000000000,,,0xbe8e3e3618f7474f8cb1d074a26affef007e98fb,MCD_PAUSE_PROXY,
2025-07-28,0xdd5bf338720c06dd098216e53a276a8bac00fddd80e94757f4e12c9e09f853ab,191,0x12a79facd8d6bbb1583593ef414897a9ba8f0d26,0x6b175474e89094c44da98b954eedeac495271d0f,DAI,16417,transfer,plumbing,new,0xbe8e3e3618f7474f8cb1d074a26affef007e98fb,MCD_PAUSE_PROXY,,0x3225737a9bbb6473cb4a45b7244aca2befdb276a,DAI_USDS,
2025-07-28,0xdd5bf338720c06dd098216e53a276a8bac00fddd80e94757f4e12c9e09f853ab,193,0x12a79facd8d6bbb1583593ef414897a9ba8f0d26,0x6b175474e89094c44da98b954eedeac495271d0f,DAI,16417,burn,plumbing,new,0x3225737a9bbb6473cb4a45b7244aca2befdb276a,DAI_USDS,,0x0000000000000000000000000000000000000000,,
2025-07-28,0xdd5bf338720c06dd098216e53a276a8bac00fddd80e94757f4e12c9e09f853ab,196,0x12a79facd8d6bbb1583593ef414897a9ba8f0d26,0xdc035d45d973e3ec169d2276ddab16f1e407384f,USDS,16417,mint,protocol-outflow,new,0x0000000000000000000000000000000000000000,,,0x9244f47d70587fa2329b89b6f503022b63ad54a5,,
2025-07-28,0xdd5bf338720c06dd098216e53a276a8bac00fddd80e94757f4e12c9e09f853ab,201,0x12a79facd8d6bbb1583593ef414897a9ba8f0d26,0x6b175474e89094c44da98b954eedeac495271d0f,DAI,11000,mint,plumbing,new,0x0000000000000000000000000000000000000000,,,0xbe8e3e3618f7474f8cb1d074a26affef007e98fb,MCD_PAUSE_PROXY,
2025-07-28,0xdd5bf338720c06dd098216e53a276a8bac00fddd80e94757f4e12c9e09f853ab,204,0x12a79facd8d6bbb1583593ef414897a9ba8f0d26,0x6b175474e89094c44da98b954eedeac495271d0f,DAI,11000,transfer,plumbing,new,0xbe8e3e3618f7474f8cb1d074a26affef007e98fb,MCD_PAUSE_PROXY,,0x3225737a9bbb6473cb4a45b7244aca2befdb276a,DAI_USDS,
2025-07-28,0xdd5bf338720c06dd098216e53a276a8bac00fddd80e94757f4e12c9e09f853ab,206,0x12a79facd8d6bbb1583593ef414897a9ba8f0d26,0x6b175474e89094c44da98b954eedeac495271d0f,DAI,11000,burn,plumbing,new,0x3225737a9bbb6473cb4a45b7244aca2befdb276a,DAI_USDS,,0x0000000000000000000000000000000000000000,,
2025-07-28,0xdd5bf338720c06dd098216e53a276a8bac00fddd80e94757f4e12c9e09f853ab,209,0x12a79facd8d6bbb1583593ef414897a9ba8f0d26,0xdc035d45d973e3ec169d2276ddab16f1e407384f,USDS,11000,mint,protocol-outflow,new,0x0000000000000000000000000000000000000000,,,0x73dfc091ad77c03f2809204fcf03c0b9dccf8c7a,,
2025-07-28,0xdd5bf338720c06dd098216e53a276a8bac00fddd80e94757f4e12c9e09f853ab,212,0x12a79facd8d6bbb1583593ef414897a9ba8f0d26,0x56072c95faa701256059aa122697b133aded9279,SKY,330000,transfer,protocol-outflow,new,0xbe8e3e3618f7474f8cb1d074a26affef007e98fb,MCD_PAUSE_PROXY,,0xb6c09680d822f162449cdfb8248a7d3fc26ec9bf,,
2025-07-28,0xdd5bf338720c06dd098216e53a276a8bac00fddd80e94757f4e12c9e09f853ab,213,0x12a79facd8d6bbb1583593ef414897a9ba8f0d26,0x56072c95faa701256059aa122697b133aded9279,SKY,288000,transfer,protocol-outflow,new,0xbe8e3e3618f7474f8cb1d074a26affef007e98fb,MCD_PAUSE_PROXY,,0x9244f47d70587fa2329b89b6f503022b63ad54a5,,
2025-07-28,0xdd5bf338720c06dd098216e53a276a8bac00fddd80e94757f4e12c9e09f853ab,226,0x12a79facd8d6bbb1583593ef414897a9ba8f0d26,0xdc035d45d973e3ec169d2276ddab16f1e407384f,USDS,1012383650.98,mint,plumbing,new,0x0000000000000000000000000000000000000000,,,0x629ad4d779f46b8a1491d3f76f7e97cb04d8b1cd,ALLOCATOR_BLOOM_A_BUFFER,
2025-07-28,0xdd5bf338720c06dd098216e53a276a8bac00fddd80e94757f4e12c9e09f853ab,231,0x12a79facd8d6bbb1583593ef414897a9ba8f0d26,0xdc035d45d973e3ec169d2276ddab16f1e407384f,USDS,1012383650.98,transfer,protocol-outflow,new,0x629ad4d779f46b8a1491d3f76f7e97cb04d8b1cd,ALLOCATOR_BLOOM_A_BUFFER,,0x1601843c5e9bc251a3272907010afa41fa18347e,,
2025-07-28,0xdd5bf338720c06dd098216e53a276a8bac00fddd80e94757f4e12c9e09f853ab,235,0x12a79facd8d6bbb1583593ef414897a9ba8f0d26,0x59cd1c87501baa753d0b5b5ab5d8416a45cd71db,spWETH,0.079310744839499432,mint,protocol-outflow,new,0x0000000000000000000000000000000000000000,,,0xb137e7d16564c81ae2b0c8ee6b55de81dd46ece5,,
2025-07-28,0xdd5bf338720c06dd098216e53a276a8bac00fddd80e94757f4e12c9e09f853ab,237,0x12a79facd8d6bbb1583593ef414897a9ba8f0d26,0x59cd1c87501baa753d0b5b5ab5d8416a45cd71db,spWETH,565.143068027960523256,transfer,unclassified,new,0xb137e7d16564c81ae2b0c8ee6b55de81dd46ece5,,,0x2e1b01adabb8d4981863394bea23a1263cbaedfc,,
2025-07-28,0xdd5bf338720c06dd098216e53a276a8bac00fddd80e94757f4e12c9e09f853ab,245,0x12a79facd8d6bbb1583593ef414897a9ba8f0d26,0x6a9da2d710bb9b700acde7cb81f10f1ff8c89041,BUIDL-I,608367166.98,transfer,unclassified,new,0x1601843c5e9bc251a3272907010afa41fa18347e,,,0x491edfb0b8b608044e227225c715981a30f3a44e,,
2025-07-28,0xdd5bf338720c06dd098216e53a276a8bac00fddd80e94757f4e12c9e09f853ab,246,0x12a79facd8d6bbb1583593ef414897a9ba8f0d26,0x8c213ee79581ff4984583c6a801e5263418c4b86,JTRSY,376701261.673992,transfer,unclassified,new,0x1601843c5e9bc251a3272907010afa41fa18347e,,,0x491edfb0b8b608044e227225c715981a30f3a44e,,
2025-08-25,0x9dff3cf283969f0d6b54347829463aabbcad43e79ebb7ad20c5154e951586e3f,336,0x3f89fedd7588456e44189a36fd888c56b2c1f589,0x6b175474e89094c44da98b954eedeac495271d0f,DAI,10000000,mint,plumbing,new,0x0000000000000000000000000000000000000000,,,0xbe8e3e3618f7474f8cb1d074a26affef007e98fb,MCD_PAUSE_PROXY,
2025-08-25,0x9dff3cf283969f0d6b54347829463aabbcad43e79ebb7ad20c5154e951586e3f,339,0x3f89fedd7588456e44189a36fd888c56b2c1f589,0x6b175474e89094c44da98b954eedeac495271d0f,DAI,10000000,transfer,plumbing,new,0xbe8e3e3618f7474f8cb1d074a26affef007e98fb,MCD_PAUSE_PROXY,,0x3225737a9bbb6473cb4a45b7244aca2befdb276a,DAI_USDS,
2025-08-25,0x9dff3cf283969f0d6b54347829463aabbcad43e79ebb7ad20c5154e951586e3f,341,0x3f89fedd7588456e44189a36fd888c56b2c1f589,0x6b175474e89094c44da98b954eedeac495271d0f,DAI,10000000,burn,plumbing,new,0x3225737a9bbb6473cb4a45b7244aca2befdb276a,DAI_USDS,,0x0000000000000000000000000000000000000000,,
2025-08-25,0x9dff3cf283969f0d6b54347829463aabbcad43e79ebb7ad20c5154e951586e3f,344,0x3f89fedd7588456e44189a36fd888c56b2c1f589,0xdc035d45d973e3ec169d2276ddab16f1e407384f,USDS,10000000,mint,protocol-outflow,new,0x0000000000000000000000000000000000000000,,,0x483413cccd796deddee88e4d3e202425d5e891c6,,
2025-08-25,0x9dff3cf283969f0d6b54347829463aabbcad43e79ebb7ad20c5154e951586e3f,347,0x3f89fedd7588456e44189a36fd888c56b2c1f589,0x56072c95faa701256059aa122697b133aded9279,SKY,200000000,transfer,protocol-outflow,new,0xbe8e3e3618f7474f8cb1d074a26affef007e98fb,MCD_PAUSE_PROXY,,0x483413cccd796deddee88e4d3e202425d5e891c6,,
2025-08-25,0x9dff3cf283969f0d6b54347829463aabbcad43e79ebb7ad20c5154e951586e3f,360,0x3f89fedd7588456e44189a36fd888c56b2c1f589,0x6b175474e89094c44da98b954eedeac495271d0f,DAI,177507,mint,plumbing,new,0x0000000000000000000000000000000000000000,,,0xbe8e3e3618f7474f8cb1d074a26affef007e98fb,MCD_PAUSE_PROXY,
2025-08-25,0x9dff3cf283969f0d6b54347829463aabbcad43e79ebb7ad20c5154e951586e3f,363,0x3f89fedd7588456e44189a36fd888c56b2c1f589,0x6b175474e89094c44da98b954eedeac495271d0f,DAI,177507,transfer,plumbing,new,0xbe8e3e3618f7474f8cb1d074a26affef007e98fb,MCD_PAUSE_PROXY,,0x3225737a9bbb6473cb4a45b7244aca2befdb276a,DAI_USDS,
2025-08-25,0x9dff3cf283969f0d6b54347829463aabbcad43e79ebb7ad20c5154e951586e3f,365,0x3f89fedd7588456e44189a36fd888c56b2c1f589,0x6b175474e89094c44da98b954eedeac495271d0f,DAI,177507,burn,plumbing,new,0x3225737a9bbb6473cb4a45b7244aca2befdb276a,DAI_USDS,,0x0000000000000000000000000000000000000000,,
2025-08-25,0x9dff3cf283969f0d6b54347829463aabbcad43e79ebb7ad20c5154e951586e3f,368,0x3f89fedd7588456e44189a36fd888c56b2c1f589,0xdc035d45d973e3ec169d2276ddab16f1e407384f,USDS,177507,mint,protocol-outflow,new,0x0000000000000000000000000000000000000000,,,0x464c71f6c2f760dda6093dcb91c24c39e5d6e18c,,
2025-08-25,0x9dff3cf283969f0d6b54347829463aabbcad43e79ebb7ad20c5154e951586e3f,373,0x3f89fedd7588456e44189a36fd888c56b2c1f589,0x6b175474e89094c44da98b954eedeac495271d0f,DAI,2000000,mint,plumbing,new,0x0000000000000000000000000000000000000000,,,0xbe8e3e3618f7474f8cb1d074a26affef007e98fb,MCD_PAUSE_PROXY,
2025-08-25,0x9dff3cf283969f0d6b54347829463aabbcad43e79ebb7ad20c5154e951586e3f,376,0x3f89fedd7588456e44189a36fd888c56b2c1f589,0x6b175474e89094c44da98b954eedeac495271d0f,DAI,2000000,transfer,plumbing,new,0xbe8e3e3618f7474f8cb1d074a26affef007e98fb,MCD_PAUSE_PROXY,,0x3225737a9bbb6473cb4a45b7244aca2befdb276a,DAI_USDS,
2025-08-25,0x9dff3cf283969f0d6b54347829463aabbcad43e79ebb7ad20c5154e951586e3f,378,0x3f89fedd7588456e44189a36fd888c56b2c1f589,0x6b175474e89094c44da98b954eedeac495271d0f,DAI,2000000,burn,plumbing,new,0x3225737a9bbb6473cb4a45b7244aca2befdb276a,DAI_USDS,,0x0000000000000000000000000000000000000000,,
2025-08-25,0x9dff3cf283969f0d6b54347829463aabbcad43e79ebb7ad20c5154e951586e3f,381,0x3f89fedd7588456e44189a36fd888c56b2c1f589,0xdc035d45d973e3ec169d2276ddab16f1e407384f,USDS,2000000,mint,protocol-outflow,new,0x0000000000000000000000000000000000000000,,,0xd8507ef0a59f37d15b5d7b630fa6eea40ce4afdd,,
2025-08-25,0x9dff3cf283969f0d6b54347829463aabbcad43e79ebb7ad20c5154e951586e3f,386,0x3f89fedd7588456e44189a36fd888c56b2c1f589,0x6b175474e89094c44da98b954eedeac495271d0f,DAI,4000,mint,plumbing,new,0x0000000000000000000000000000000000000000,,,0xbe8e3e3618f7474f8cb1d074a26affef007e98fb,MCD_PAUSE_PROXY,
2025-08-25,0x9dff3cf283969f0d6b54347829463aabbcad43e79ebb7ad20c5154e951586e3f,389,0x3f89fedd7588456e44189a36fd888c56b2c1f589,0x6b175474e89094c44da98b954eedeac495271d0f,DAI,4000,transfer,plumbing,new,0xbe8e3e3618f7474f8cb1d074a26affef007e98fb,MCD_PAUSE_PROXY,,0x3225737a9bbb6473cb4a45b7244aca2befdb276a,DAI_USDS,
2025-08-25,0x9dff3cf283969f0d6b54347829463aabbcad43e79ebb7ad20c5154e951586e3f,391,0x3f89fedd7588456e44189a36fd888c56b2c1f589,0x6b175474e89094c44da98b954eedeac495271d0f,DAI,4000,burn,plumbing,new,0x3225737a9bbb6473cb4a45b7244aca2befdb276a,DAI_USDS,,0x0000000000000000000000000000000000000000,,
2025-08-25,0x9dff3cf283969f0d6b54347829463aabbcad43e79ebb7ad20c5154e951586e3f,394,0x3f89fedd7588456e44189a36fd888c56b2c1f589,0xdc035d45d973e3ec169d2276ddab16f1e407384f,USDS,4000,mint,protocol-outflow,new,0x0000000000000000000000000000000000000000,,,0xb6c09680d822f162449cdfb8248a7d3fc26ec9bf,,
2025-08-25,0x9dff3cf283969f0d6b54347829463aabbcad43e79ebb7ad20c5154e951586e3f,399,0x3f89fedd7588456e44189a36fd888c56b2c1f589,0x6b175474e89094c44da98b954eedeac495271d0f,DAI,4000,mint,plumbing,new,0x0000000000000000000000000000000000000000,,,0xbe8e3e3618f7474f8cb1d074a26affef007e98fb,MCD_PAUSE_PROXY,
2025-08-25,0x9dff3cf283969f0d6b54347829463aabbcad43e79ebb7ad20c5154e951586e3f,402,0x3f89fedd7588456e44189a36fd888c56b2c1f589,0x6b175474e89094c44da98b954eedeac495271d0f,DAI,4000,transfer,plumbing,new,0xbe8e3e3618f7474f8cb1d074a26affef007e98fb,MCD_PAUSE_PROXY,,0x3225737a9bbb6473cb4a45b7244aca2befdb276a,DAI_USDS,
2025-08-25,0x9dff3cf283969f0d6b54347829463aabbcad43e79ebb7ad20c5154e951586e3f,404,0x3f89fedd7588456e44189a36fd888c56b2c1f589,0x6b175474e89094c44da98b954eedeac495271d0f,DAI,4000,burn,plumbing,new,0x3225737a9bbb6473cb4a45b7244aca2befdb276a,DAI_USDS,,0x0000000000000000000000000000000000000000,,
2025-08-25,0x9dff3cf283969f0d6b54347829463aabbcad43e79ebb7ad20c5154e951586e3f,407,0x3f89fedd7588456e44189a36fd888c56b2c1f589,0xdc035d45d973e3ec169d2276ddab16f1e407384f,USDS,4000,mint,protocol-outflow,new,0x0000000000000000000000000000000000000000,,,0x167c1a762b08d7e78dbf8f24e5c3f1ab415021d3,,
2025-08-25,0x9dff3cf283969f0d6b54347829463aabbcad43e79ebb7ad20c5154e951586e3f,412,0x3f89fedd7588456e44189a36fd888c56b2c1f589,0x6b175474e89094c44da98b954eedeac495271d0f,DAI,4000,mint,plumbing,new,0x0000000000000000000000000000000000000000,,,0xbe8e3e3618f7474f8cb1d074a26affef007e98fb,MCD_PAUSE_PROXY,
2025-08-25,0x9dff3cf283969f0d6b54347829463aabbcad43e79ebb7ad20c5154e951586e3f,415,0x3f89fedd7588456e44189a36fd888c56b2c1f589,0x6b175474e89094c44da98b954eedeac495271d0f,DAI,4000,transfer,plumbing,new,0xbe8e3e3618f7474f8cb1d074a26affef007e98fb,MCD_PAUSE_PROXY,,0x3225737a9bbb6473cb4a45b7244aca2befdb276a,DAI_USDS,
2025-08-25,0x9dff3cf283969f0d6b54347829463aabbcad43e79ebb7ad20c5154e951586e3f,417,0x3f89fedd7588456e44189a36fd888c56b2c1f589,0x6b175474e89094c44da98b954eedeac495271d0f,DAI,4000,burn,plumbing,new,0x3225737a9bbb6473cb4a45b7244aca2befdb276a,DAI_USDS,,0x0000000000000000000000000000000000000000,,
2025-08-25,0x9dff3cf283969f0d6b54347829463aabbcad43e79ebb7ad20c5154e951586e3f,420,0x3f89fedd7588456e44189a36fd888c56b2c1f589,0xdc035d45d973e3ec169d2276ddab16f1e407384f,USDS,4000,mint,protocol-outflow,new,0x0000000000000000000000000000000000000000,,,0x9244f47d70587fa2329b89b6f503022b63ad54a5,,
2025-08-25,0x9dff3cf283969f0d6b54347829463aabbcad43e79ebb7ad20c5154e951586e3f,425,0x3f89fedd7588456e44189a36fd888c56b2c1f589,0x6b175474e89094c44da98b954eedeac495271d0f,DAI,4000,mint,plumbing,new,0x0000000000000000000000000000000000000000,,,0xbe8e3e3618f7474f8cb1d074a26affef007e98fb,MCD_PAUSE_PROXY,
2025-08-25,0x9dff3cf283969f0d6b54347829463aabbcad43e79ebb7ad20c5154e951586e3f,428,0x3f89fedd7588456e44189a36fd888c56b2c1f589,0x6b175474e89094c44da98b954eedeac495271d0f,DAI,4000,transfer,plumbing,new,0xbe8e3e3618f7474f8cb1d074a26affef007e98fb,MCD_PAUSE_PROXY,,0x3225737a9bbb6473cb4a45b7244aca2befdb276a,DAI_USDS,
2025-08-25,0x9dff3cf283969f0d6b54347829463aabbcad43e79ebb7ad20c5154e951586e3f,430,0x3f89fedd7588456e44189a36fd888c56b2c1f589,0x6b175474e89094c44da98b954eedeac495271d0f,DAI,4000,burn,plumbing,new,0x3225737a9bbb6473cb4a45b7244aca2befdb276a,DAI_USDS,,0x0000000000000000000000000000000000000000,,
2025-08-25,0x9dff3cf283969f0d6b54347829463aabbcad43e79ebb7ad20c5154e951586e3f,433,0x3f89fedd7588456e44189a36fd888c56b2c1f589,0xdc035d45d973e3ec169d2276ddab16f1e407384f,USDS,4000,mint,protocol-outflow,new,0x0000000000000000000000000000000000000000,,,0x0f04a22b62a26e25a29cba5a595623038ef7ace7,,
2025-08-25,0x9dff3cf283969f0d6b54347829463aabbcad43e79ebb7ad20c5154e951586e3f,438,0x3f89fedd7588456e44189a36fd888c56b2c1f589,0x6b175474e89094c44da98b954eedeac495271d0f,DAI,4000,mint,plumbing,new,0x0000000000000000000000000000000000000000,,,0xbe8e3e3618f7474f8cb1d074a26affef007e98fb,MCD_PAUSE_PROXY,
2025-08-25,0x9dff3cf283969f0d6b54347829463aabbcad43e79ebb7ad20c5154e951586e3f,441,0x3f89fedd7588456e44189a36fd888c56b2c1f589,0x6b175474e89094c44da98b954eedeac495271d0f,DAI,4000,transfer,plumbing,new,0xbe8e3e3618f7474f8cb1d074a26affef007e98fb,MCD_PAUSE_PROXY,,0x3225737a9bbb6473cb4a45b7244aca2befdb276a,DAI_USDS,
2025-08-25,0x9dff3cf283969f0d6b54347829463aabbcad43e79ebb7ad20c5154e951586e3f,443,0x3f89fedd7588456e44189a36fd888c56b2c1f589,0x6b175474e89094c44da98b954eedeac495271d0f,DAI,4000,burn,plumbing,new,0x3225737a9bbb6473cb4a45b7244aca2befdb276a,DAI_USDS,,0x0000000000000000000000000000000000000000,,
2025-08-25,0x9dff3cf283969f0d6b54347829463aabbcad43e79ebb7ad20c5154e951586e3f,446,0x3f89fedd7588456e44189a36fd888c56b2c1f589,0xdc035d45d973e3ec169d2276ddab16f1e407384f,USDS,4000,mint,protocol-outflow,new,0x0000000000000000000000000000000000000000,,,0x8d4df847db7ffe0b46af084fe031f7691c6478c2,,
2025-08-25,0x9dff3cf283969f0d6b54347829463aabbcad43e79ebb7ad20c5154e951586e3f,451,0x3f89fedd7588456e44189a36fd888c56b2c1f589,0x6b175474e89094c44da98b954eedeac495271d0f,DAI,3871,mint,plumbing,new,0x0000000000000000000000000000000000000000,,,0xbe8e3e3618f7474f8cb1d074a26affef007e98fb,MCD_PAUSE_PROXY,
2025-08-25,0x9dff3cf283969f0d6b54347829463aabbcad43e79ebb7ad20c5154e951586e3f,454,0x3f89fedd7588456e44189a36fd888c56b2c1f589,0x6b175474e89094c44da98b954eedeac495271d0f,DAI,3871,transfer,plumbing,new,0xbe8e3e3618f7474f8cb1d074a26affef007e98fb,MCD_PAUSE_PROXY,,0x3225737a9bbb6473cb4a45b7244aca2befdb276a,DAI_USDS,
2025-08-25,0x9dff3cf283969f0d6b54347829463aabbcad43e79ebb7ad20c5154e951586e3f,456,0x3f89fedd7588456e44189a36fd888c56b2c1f589,0x6b175474e89094c44da98b954eedeac495271d0f,DAI,3871,burn,plumbing,new,0x3225737a9bbb6473cb4a45b7244aca2befdb276a,DAI_USDS,,0x0000000000000000000000000000000000000000,,
2025-08-25,0x9dff3cf283969f0d6b54347829463aabbcad43e79ebb7ad20c5154e951586e3f,459,0x3f89fedd7588456e44189a36fd888c56b2c1f589,0xdc035d45d973e3ec169d2276ddab16f1e407384f,USDS,3871,mint,protocol-outflow,new,0x0000000000000000000000000000000000000000,,,0xebce83e491947adb1396ee7e55d3c81414fb0d47,,
2025-08-25,0x9dff3cf283969f0d6b54347829463aabbcad43e79ebb7ad20c5154e951586e3f,464,0x3f89fedd7588456e44189a36fd888c56b2c1f589,0x6b175474e89094c44da98b954eedeac495271d0f,DAI,731,mint,plumbing,new,0x0000000000000000000000000000000000000000,,,0xbe8e3e3618f7474f8cb1d074a26affef007e98fb,MCD_PAUSE_PROXY,
2025-08-25,0x9dff3cf283969f0d6b54347829463aabbcad43e79ebb7ad20c5154e951586e3f,467,0x3f89fedd7588456e44189a36fd888c56b2c1f589,0x6b175474e89094c44da98b954eedeac495271d0f,DAI,731,transfer,plumbing,new,0xbe8e3e3618f7474f8cb1d074a26affef007e98fb,MCD_PAUSE_PROXY,,0x3225737a9bbb6473cb4a45b7244aca2befdb276a,DAI_USDS,
2025-08-25,0x9dff3cf283969f0d6b54347829463aabbcad43e79ebb7ad20c5154e951586e3f,469,0x3f89fedd7588456e44189a36fd888c56b2c1f589,0x6b175474e89094c44da98b954eedeac495271d0f,DAI,731,burn,plumbing,new,0x3225737a9bbb6473cb4a45b7244aca2befdb276a,DAI_USDS,,0x0000000000000000000000000000000000000000,,
2025-08-25,0x9dff3cf283969f0d6b54347829463aabbcad43e79ebb7ad20c5154e951586e3f,472,0x3f89fedd7588456e44189a36fd888c56b2c1f589,0xdc035d45d973e3ec169d2276ddab16f1e407384f,USDS,731,mint,protocol-outflow,new,0x0000000000000000000000000000000000000000,,,0xb2b86a130b1ec101e4aed9a88502e08995760307,,
2025-08-25,0x9dff3cf283969f0d6b54347829463aabbcad43e79ebb7ad20c5154e951586e3f,477,0x3f89fedd7588456e44189a36fd888c56b2c1f589,0x6b175474e89094c44da98b954eedeac495271d0f,DAI,50167,mint,plumbing,new,0x0000000000000000000000000000000000000000,,,0xbe8e3e3618f7474f8cb1d074a26affef007e98fb,MCD_PAUSE_PROXY,
2025-08-25,0x9dff3cf283969f0d6b54347829463aabbcad43e79ebb7ad20c5154e951586e3f,480,0x3f89fedd7588456e44189a36fd888c56b2c1f589,0x6b175474e89094c44da98b954eedeac495271d0f,DAI,50167,transfer,plumbing,new,0xbe8e3e3618f7474f8cb1d074a26affef007e98fb,MCD_PAUSE_PROXY,,0x3225737a9bbb6473cb4a45b7244aca2befdb276a,DAI_USDS,
2025-08-25,0x9dff3cf283969f0d6b54347829463aabbcad43e79ebb7ad20c5154e951586e3f,482,0x3f89fedd7588456e44189a36fd888c56b2c1f589,0x6b175474e89094c44da98b954eedeac495271d0f,DAI,50167,burn,plumbing,new,0x3225737a9bbb6473cb4a45b7244aca2befdb276a,DAI_USDS,,0x0000000000000000000000000000000000000000,,
2025-08-25,0x9dff3cf283969f0d6b54347829463aabbcad43e79ebb7ad20c5154e951586e3f,485,0x3f89fedd7588456e44189a36fd888c56b2c1f589,0xdc035d45d973e3ec169d2276ddab16f1e407384f,USDS,50167,mint,protocol-outflow,new,0x0000000000000000000000000000000000000000,,,0xb6c09680d822f162449cdfb8248a7d3fc26ec9bf,,
2025-08-25,0x9dff3cf283969f0d6b54347829463aabbcad43e79ebb7ad20c5154e951586e3f,490,0x3f89fedd7588456e44189a36fd888c56b2c1f589,0x6b175474e89094c44da98b954eedeac495271d0f,DAI,16417,mint,plumbing,new,0x0000000000000000000000000000000000000000,,,0xbe8e3e3618f7474f8cb1d074a26affef007e98fb,MCD_PAUSE_PROXY,
2025-08-25,0x9dff3cf283969f0d6b54347829463aabbcad43e79ebb7ad20c5154e951586e3f,493,0x3f89fedd7588456e44189a36fd888c56b2c1f589,0x6b175474e89094c44da98b954eedeac495271d0f,DAI,16417,transfer,plumbing,new,0xbe8e3e3618f7474f8cb1d074a26affef007e98fb,MCD_PAUSE_PROXY,,0x3225737a9bbb6473cb4a45b7244aca2befdb276a,DAI_USDS,
2025-08-25,0x9dff3cf283969f0d6b54347829463aabbcad43e79ebb7ad20c5154e951586e3f,495,0x3f89fedd7588456e44189a36fd888c56b2c1f589,0x6b175474e89094c44da98b954eedeac495271d0f,DAI,16417,burn,plumbing,new,0x3225737a9bbb6473cb4a45b7244aca2befdb276a,DAI_USDS,,0x0000000000000000000000000000000000000000,,
2025-08-25,0x9dff3cf283969f0d6b54347829463aabbcad43e79ebb7ad20c5154e951586e3f,498,0x3f89fedd7588456e44189a36fd888c56b2c1f589,0xdc035d45d973e3ec169d2276ddab16f1e407384f,USDS,16417,mint,protocol-outflow,new,0x0000000000000000000000000000000000000000,,,0x9244f47d70587fa2329b89b6f503022b63ad54a5,,
2025-08-25,0x9dff3cf283969f0d6b54347829463aabbcad43e79ebb7ad20c5154e951586e3f,503,0x3f89fedd7588456e44189a36fd888c56b2c1f589,0x6b175474e89094c44da98b954eedeac495271d0f,DAI,11348,mint,plumbing,new,0x0000000000000000000000000000000000000000,,,0xbe8e3e3618f7474f8cb1d074a26affef007e98fb,MCD_PAUSE_PROXY,
2025-08-25,0x9dff3cf283969f0d6b54347829463aabbcad43e79ebb7ad20c5154e951586e3f,506,0x3f89fedd7588456e44189a36fd888c56b2c1f589,0x6b175474e89094c44da98b954eedeac495271d0f,DAI,11348,transfer,plumbing,new,0xbe8e3e3618f7474f8cb1d074a26affef007e98fb,MCD_PAUSE_PROXY,,0x3225737a9bbb6473cb4a45b7244aca2befdb276a,DAI_USDS,
2025-08-25,0x9dff3cf283969f0d6b54347829463aabbcad43e79ebb7ad20c5154e951586e3f,508,0x3f89fedd7588456e44189a36fd888c56b2c1f589,0x6b175474e89094c44da98b954eedeac495271d0f,DAI,11348,burn,plumbing,new,0x3225737a9bbb6473cb4a45b7244aca2befdb276a,DAI_USDS,,0x0000000000000000000000000000000000000000,,
2025-08-25,0x9dff3cf283969f0d6b54347829463aabbcad43e79ebb7ad20c5154e951586e3f,511,0x3f89fedd7588456e44189a36fd888c56b2c1f589,0xdc035d45d973e3ec169d2276ddab16f1e407384f,USDS,11348,mint,protocol-outflow,new,0x0000000000000000000000000000000000000000,,,0x73dfc091ad77c03f2809204fcf03c0b9dccf8c7a,,
2025-08-25,0x9dff3cf283969f0d6b54347829463aabbcad43e79ebb7ad20c5154e951586e3f,514,0x3f89fedd7588456e44189a36fd888c56b2c1f589,0x56072c95faa701256059aa122697b133aded9279,SKY,330000,transfer,protocol-outflow,new,0xbe8e3e3618f7474f8cb1d074a26affef007e98fb,MCD_PAUSE_PROXY,,0xb6c09680d822f162449cdfb8248a7d3fc26ec9bf,,
2025-08-25,0x9dff3cf283969f0d6b54347829463aabbcad43e79ebb7ad20c5154e951586e3f,515,0x3f89fedd7588456e44189a36fd888c56b2c1f589,0x56072c95faa701256059aa122697b133aded9279,SKY,288000,transfer,protocol-outflow,new,0xbe8e3e3618f7474f8cb1d074a26affef007e98fb,MCD_PAUSE_PROXY,,0x9244f47d70587fa2329b89b6f503022b63ad54a5,,
2025-08-25,0x9dff3cf283969f0d6b54347829463aabbcad43e79ebb7ad20c5154e951586e3f,518,0x3f89fedd7588456e44189a36fd888c56b2c1f589,0x6b175474e89094c44da98b954eedeac495271d0f,DAI,50000000,mint,plumbing,new,0x0000000000000000000000000000000000000000,,,0xbe8e3e3618f7474f8cb1d074a26affef007e98fb,MCD_PAUSE_PROXY,
2025-08-25,0x9dff3cf283969f0d6b54347829463aabbcad43e79ebb7ad20c5154e951586e3f,521,0x3f89fedd7588456e44189a36fd888c56b2c1f589,0x6b175474e89094c44da98b954eedeac495271d0f,DAI,50000000,transfer,plumbing,new,0xbe8e3e3618f7474f8cb1d074a26affef007e98fb,MCD_PAUSE_PROXY,,0x3225737a9bbb6473cb4a45b7244aca2befdb276a,DAI_USDS,
2025-08-25,0x9dff3cf283969f0d6b54347829463aabbcad43e79ebb7ad20c5154e951586e3f,523,0x3f89fedd7588456e44189a36fd888c56b2c1f589,0x6b175474e89094c44da98b954eedeac495271d0f,DAI,50000000,burn,plumbing,new,0x3225737a9bbb6473cb4a45b7244aca2befdb276a,DAI_USDS,,0x0000000000000000000000000000000000000000,,
2025-08-25,0x9dff3cf283969f0d6b54347829463aabbcad43e79ebb7ad20c5154e951586e3f,526,0x3f89fedd7588456e44189a36fd888c56b2c1f589,0xdc035d45d973e3ec169d2276ddab16f1e407384f,USDS,50000000,mint,protocol-outflow,new,0x0000000000000000000000000000000000000000,,,0xca5183fb9997046fbd9ba8113139bf5a5af122a0,,
2025-08-25,0x9dff3cf283969f0d6b54347829463aabbcad43e79ebb7ad20c5154e951586e3f,529,0x3f89fedd7588456e44189a36fd888c56b2c1f589,0x6b175474e89094c44da98b954eedeac495271d0f,DAI,35.415,transfer,protocol-outflow,new,0xbe8e3e3618f7474f8cb1d074a26affef007e98fb,MCD_PAUSE_PROXY,,0xca5183fb9997046fbd9ba8113139bf5a5af122a0,,
2025-08-25,0x9dff3cf283969f0d6b54347829463aabbcad43e79ebb7ad20c5154e951586e3f,530,0x3f89fedd7588456e44189a36fd888c56b2c1f589,0x2621cc0b3f3c079c1db0e80794aa24976f0b9e3c,UNI-V2,28829858.44321165730360995,transfer,protocol-outflow,new,0xbe8e3e3618f7474f8cb1d074a26affef007e98fb,MCD_PAUSE_PROXY,,0xca5183fb9997046fbd9ba8113139bf5a5af122a0,,
2025-08-25,0x9dff3cf283969f0d6b54347829463aabbcad43e79ebb7ad20c5154e951586e3f,531,0x3f89fedd7588456e44189a36fd888c56b2c1f589,0xc18360217d8f7ab5e7c516566761ea12ce7f9d72,ENS,46362.26559786,transfer,protocol-outflow,new,0xbe8e3e3618f7474f8cb1d074a26affef007e98fb,MCD_PAUSE_PROXY,,0xca5183fb9997046fbd9ba8113139bf5a5af122a0,,
2025-08-25,0x9dff3cf283969f0d6b54347829463aabbcad43e79ebb7ad20c5154e951586e3f,536,0x3f89fedd7588456e44189a36fd888c56b2c1f589,0x4da27a545c0c5b758a6ba100e3a049001de870f5,stkAAVE,1467.087822667101222271,transfer,protocol-outflow,new,0xbe8e3e3618f7474f8cb1d074a26affef007e98fb,MCD_PAUSE_PROXY,,0xca5183fb9997046fbd9ba8113139bf5a5af122a0,,
2025-08-25,0x9dff3cf283969f0d6b54347829463aabbcad43e79ebb7ad20c5154e951586e3f,537,0x3f89fedd7588456e44189a36fd888c56b2c1f589,0xc00e94cb662c3520282e6f5717214004a7f26888,COMP,643.732110192628935135,transfer,protocol-outflow,new,0xbe8e3e3618f7474f8cb1d074a26affef007e98fb,MCD_PAUSE_PROXY,,0xca5183fb9997046fbd9ba8113139bf5a5af122a0,,
2025-08-25,0x9dff3cf283969f0d6b54347829463aabbcad43e79ebb7ad20c5154e951586e3f,538,0x3f89fedd7588456e44189a36fd888c56b2c1f589,0x7fc66500c84a76ad7e9c93437bfc5ac33e2ddae9,AAVE,60,transfer,protocol-outflow,new,0xbe8e3e3618f7474f8cb1d074a26affef007e98fb,MCD_PAUSE_PROXY,,0xca5183fb9997046fbd9ba8113139bf5a5af122a0,,
2025-08-25,0x9dff3cf283969f0d6b54347829463aabbcad43e79ebb7ad20c5154e951586e3f,539,0x3f89fedd7588456e44189a36fd888c56b2c1f589,0xc02aaa39b223fe8d0a0e5c4f27ead9083c756cc2,WETH,0.029634332993189643,transfer,protocol-outflow,new,0xbe8e3e3618f7474f8cb1d074a26affef007e98fb,MCD_PAUSE_PROXY,,0xca5183fb9997046fbd9ba8113139bf5a5af122a0,,
2025-08-25,0x9dff3cf283969f0d6b54347829463aabbcad43e79ebb7ad20c5154e951586e3f,541,0x3f89fedd7588456e44189a36fd888c56b2c1f589,0x56072c95faa701256059aa122697b133aded9279,SKY,1977443914.002223022694583403,transfer,protocol-outflow,new,0xbe8e3e3618f7474f8cb1d074a26affef007e98fb,MCD_PAUSE_PROXY,,0xca5183fb9997046fbd9ba8113139bf5a5af122a0,,
2025-08-25,0x9dff3cf283969f0d6b54347829463aabbcad43e79ebb7ad20c5154e951586e3f,558,0x3f89fedd7588456e44189a36fd888c56b2c1f589,0xdc035d45d973e3ec169d2276ddab16f1e407384f,USDS,19411.17,transfer,prime-outflow,new,0x3300f198988e4c9c63f75df86de36421f06af8c4,SPARK_SUBPROXY,SPARK,0x464c71f6c2f760dda6093dcb91c24c39e5d6e18c,,
2025-08-25,0x9dff3cf283969f0d6b54347829463aabbcad43e79ebb7ad20c5154e951586e3f,567,0x3f89fedd7588456e44189a36fd888c56b2c1f589,0xdc035d45d973e3ec169d2276ddab16f1e407384f,USDS,800000,transfer,prime-outflow,new,0x3300f198988e4c9c63f75df86de36421f06af8c4,SPARK_SUBPROXY,SPARK,0x92e4629a4510af5819d7d1601464c233599ff5ec,,
2025-09-08,0x0032e26b8e4b284e3c61ea8aeb0870e3f0dbb7d3173945faf0449ca6ec5138e8,149,0x1832df0ff2bf73a182e09966166bec6c4ed0b69b,0xdc035d45d973e3ec169d2276ddab16f1e407384f,USDS,0,mint,plumbing,new,0x0000000000000000000000000000000000000000,,,0x99cd4ec3f88a45940936f469e4bb72a2a701eeb9,STUSDS,
2025-09-08,0x0032e26b8e4b284e3c61ea8aeb0870e3f0dbb7d3173945faf0449ca6ec5138e8,178,0x1832df0ff2bf73a182e09966166bec6c4ed0b69b,0x56072c95faa701256059aa122697b133aded9279,SKY,147998.645364010989010989,transfer,plumbing,new,0xbe8e3e3618f7474f8cb1d074a26affef007e98fb,MCD_PAUSE_PROXY,,0xc8d67fcf101d3f89d0e1f3a2857485a84072a63f,REWARDS_DIST_USDS_SKY,
2025-09-08,0x0032e26b8e4b284e3c61ea8aeb0870e3f0dbb7d3173945faf0449ca6ec5138e8,180,0x1832df0ff2bf73a182e09966166bec6c4ed0b69b,0x56072c95faa701256059aa122697b133aded9279,SKY,147998.645364010989010989,transfer,plumbing,new,0xc8d67fcf101d3f89d0e1f3a2857485a84072a63f,REWARDS_DIST_USDS_SKY,,0x0650caf159c5a49f711e8169d4336ecb9b950275,REWARDS_USDS_SKY,
2025-09-08,0x0032e26b8e4b284e3c61ea8aeb0870e3f0dbb7d3173945faf0449ca6ec5138e8,189,0x1832df0ff2bf73a182e09966166bec6c4ed0b69b,0x6b175474e89094c44da98b954eedeac495271d0f,DAI,8000000,mint,plumbing,new,0x0000000000000000000000000000000000000000,,,0xbe8e3e3618f7474f8cb1d074a26affef007e98fb,MCD_PAUSE_PROXY,
2025-09-08,0x0032e26b8e4b284e3c61ea8aeb0870e3f0dbb7d3173945faf0449ca6ec5138e8,192,0x1832df0ff2bf73a182e09966166bec6c4ed0b69b,0x6b175474e89094c44da98b954eedeac495271d0f,DAI,8000000,transfer,plumbing,new,0xbe8e3e3618f7474f8cb1d074a26affef007e98fb,MCD_PAUSE_PROXY,,0x3225737a9bbb6473cb4a45b7244aca2befdb276a,DAI_USDS,
2025-09-08,0x0032e26b8e4b284e3c61ea8aeb0870e3f0dbb7d3173945faf0449ca6ec5138e8,194,0x1832df0ff2bf73a182e09966166bec6c4ed0b69b,0x6b175474e89094c44da98b954eedeac495271d0f,DAI,8000000,burn,plumbing,new,0x3225737a9bbb6473cb4a45b7244aca2befdb276a,DAI_USDS,,0x0000000000000000000000000000000000000000,,
2025-09-08,0x0032e26b8e4b284e3c61ea8aeb0870e3f0dbb7d3173945faf0449ca6ec5138e8,197,0x1832df0ff2bf73a182e09966166bec6c4ed0b69b,0xdc035d45d973e3ec169d2276ddab16f1e407384f,USDS,8000000,mint,protocol-outflow,new,0x0000000000000000000000000000000000000000,,,0xd8507ef0a59f37d15b5d7b630fa6eea40ce4afdd,,
2025-09-08,0x0032e26b8e4b284e3c61ea8aeb0870e3f0dbb7d3173945faf0449ca6ec5138e8,202,0x1832df0ff2bf73a182e09966166bec6c4ed0b69b,0x6b175474e89094c44da98b954eedeac495271d0f,DAI,3000000,mint,plumbing,new,0x0000000000000000000000000000000000000000,,,0xbe8e3e3618f7474f8cb1d074a26affef007e98fb,MCD_PAUSE_PROXY,
2025-09-08,0x0032e26b8e4b284e3c61ea8aeb0870e3f0dbb7d3173945faf0449ca6ec5138e8,205,0x1832df0ff2bf73a182e09966166bec6c4ed0b69b,0x6b175474e89094c44da98b954eedeac495271d0f,DAI,3000000,transfer,plumbing,new,0xbe8e3e3618f7474f8cb1d074a26affef007e98fb,MCD_PAUSE_PROXY,,0x3225737a9bbb6473cb4a45b7244aca2befdb276a,DAI_USDS,
2025-09-08,0x0032e26b8e4b284e3c61ea8aeb0870e3f0dbb7d3173945faf0449ca6ec5138e8,207,0x1832df0ff2bf73a182e09966166bec6c4ed0b69b,0x6b175474e89094c44da98b954eedeac495271d0f,DAI,3000000,burn,plumbing,new,0x3225737a9bbb6473cb4a45b7244aca2befdb276a,DAI_USDS,,0x0000000000000000000000000000000000000000,,
2025-09-08,0x0032e26b8e4b284e3c61ea8aeb0870e3f0dbb7d3173945faf0449ca6ec5138e8,210,0x1832df0ff2bf73a182e09966166bec6c4ed0b69b,0xdc035d45d973e3ec169d2276ddab16f1e407384f,USDS,3000000,mint,protocol-outflow,new,0x0000000000000000000000000000000000000000,,,0x05f471262d15eeca4059dade070e5bed509a4e73,,
2025-09-08,0x0032e26b8e4b284e3c61ea8aeb0870e3f0dbb7d3173945faf0449ca6ec5138e8,247,0x1832df0ff2bf73a182e09966166bec6c4ed0b69b,0xa0b86991c6218b36c1d19d4a2e9eb0ce3606eb48,USDC,1,transfer,prime-dust,new,0x3300f198988e4c9c63f75df86de36421f06af8c4,SPARK_SUBPROXY,SPARK,0x56a76b428244a50513ec81e225a293d128fd581d,,
2025-09-08,0x0032e26b8e4b284e3c61ea8aeb0870e3f0dbb7d3173945faf0449ca6ec5138e8,248,0x1832df0ff2bf73a182e09966166bec6c4ed0b69b,0x56a76b428244a50513ec81e225a293d128fd581d,sparkUSDCbc,1,mint,protocol-outflow,new,0x0000000000000000000000000000000000000000,,,0x0000000000000000000000000000000000000001,,
2025-09-08,0x0032e26b8e4b284e3c61ea8aeb0870e3f0dbb7d3173945faf0449ca6ec5138e8,251,0x1832df0ff2bf73a182e09966166bec6c4ed0b69b,0xa0b86991c6218b36c1d19d4a2e9eb0ce3606eb48,USDC,1,transfer,unclassified,new,0x56a76b428244a50513ec81e225a293d128fd581d,,,0xbbbbbbbbbb9cc5e90e3b3af64bdaf62c37eeffcb,,
2025-09-08,0x0032e26b8e4b284e3c61ea8aeb0870e3f0dbb7d3173945faf0449ca6ec5138e8,267,0x1832df0ff2bf73a182e09966166bec6c4ed0b69b,0x6a9da2d710bb9b700acde7cb81f10f1ff8c89041,BUIDL-I,900612.89,transfer,unclassified,new,0x1601843c5e9bc251a3272907010afa41fa18347e,,,0x491edfb0b8b608044e227225c715981a30f3a44e,,
2025-09-08,0x0032e26b8e4b284e3c61ea8aeb0870e3f0dbb7d3173945faf0449ca6ec5138e8,269,0x1832df0ff2bf73a182e09966166bec6c4ed0b69b,0x4dedf26112b3ec8ec46e7e31ea5e123490b05b8b,spDAI,20225.877684734220657985,mint,protocol-outflow,new,0x0000000000000000000000000000000000000000,,,0x856900aa78e856a5df1a2665ee3a66b2487cd68f,,
2025-09-08,0x0032e26b8e4b284e3c61ea8aeb0870e3f0dbb7d3173945faf0449ca6ec5138e8,272,0x1832df0ff2bf73a182e09966166bec6c4ed0b69b,0xc02ab1a5eaa8d1b114ef786d9bde108cd4364359,spUSDS,22765.485848783328110828,mint,protocol-outflow,new,0x0000000000000000000000000000000000000000,,,0xb137e7d16564c81ae2b0c8ee6b55de81dd46ece5,,
2025-09-08,0x0032e26b8e4b284e3c61ea8aeb0870e3f0dbb7d3173945faf0449ca6ec5138e8,275,0x1832df0ff2bf73a182e09966166bec6c4ed0b69b,0x4dedf26112b3ec8ec46e7e31ea5e123490b05b8b,spDAI,0.001101312263645147,mint,prime-dust,new,0x0000000000000000000000000000000000000000,,,0x3300f198988e4c9c63f75df86de36421f06af8c4,SPARK_SUBPROXY,SPARK
2025-09-08,0x0032e26b8e4b284e3c61ea8aeb0870e3f0dbb7d3173945faf0449ca6ec5138e8,277,0x1832df0ff2bf73a182e09966166bec6c4ed0b69b,0x4dedf26112b3ec8ec46e7e31ea5e123490b05b8b,spDAI,574603.390128419080170119,transfer,prime-inflow,new,0x856900aa78e856a5df1a2665ee3a66b2487cd68f,,,0x3300f198988e4c9c63f75df86de36421f06af8c4,SPARK_SUBPROXY,SPARK
2025-09-08,0x0032e26b8e4b284e3c61ea8aeb0870e3f0dbb7d3173945faf0449ca6ec5138e8,279,0x1832df0ff2bf73a182e09966166bec6c4ed0b69b,0xc02ab1a5eaa8d1b114ef786d9bde108cd4364359,spUSDS,0.012478218878419542,mint,prime-dust,new,0x0000000000000000000000000000000000000000,,,0x3300f198988e4c9c63f75df86de36421f06af8c4,SPARK_SUBPROXY,SPARK
2025-09-08,0x0032e26b8e4b284e3c61ea8aeb0870e3f0dbb7d3173945faf0449ca6ec5138e8,281,0x1832df0ff2bf73a182e09966166bec6c4ed0b69b,0xc02ab1a5eaa8d1b114ef786d9bde108cd4364359,spUSDS,622803.850002599146337153,transfer,prime-inflow,new,0xb137e7d16564c81ae2b0c8ee6b55de81dd46ece5,,,0x3300f198988e4c9c63f75df86de36421f06af8c4,SPARK_SUBPROXY,SPARK
2025-09-08,0x0032e26b8e4b284e3c61ea8aeb0870e3f0dbb7d3173945faf0449ca6ec5138e8,283,0x1832df0ff2bf73a182e09966166bec6c4ed0b69b,0xdc035d45d973e3ec169d2276ddab16f1e407384f,USDS,800000,transfer,prime-outflow,new,0x3300f198988e4c9c63f75df86de36421f06af8c4,SPARK_SUBPROXY,SPARK,0x92e4629a4510af5819d7d1601464c233599ff5ec,,
2025-09-22,0x0d42cb72cf7e58c7a7df17d976e7421c453318344138be55b1fc4e2db4655a74,498,0x98b876f9e8aa2d32a85042f5fe8e860d3a7b8d3b,0x6b175474e89094c44da98b954eedeac495271d0f,DAI,30654,mint,plumbing,new,0x0000000000000000000000000000000000000000,,,0xbe8e3e3618f7474f8cb1d074a26affef007e98fb,MCD_PAUSE_PROXY,
2025-09-22,0x0d42cb72cf7e58c7a7df17d976e7421c453318344138be55b1fc4e2db4655a74,501,0x98b876f9e8aa2d32a85042f5fe8e860d3a7b8d3b,0x6b175474e89094c44da98b954eedeac495271d0f,DAI,30654,transfer,plumbing,new,0xbe8e3e3618f7474f8cb1d074a26affef007e98fb,MCD_PAUSE_PROXY,,0x3225737a9bbb6473cb4a45b7244aca2befdb276a,DAI_USDS,
2025-09-22,0x0d42cb72cf7e58c7a7df17d976e7421c453318344138be55b1fc4e2db4655a74,503,0x98b876f9e8aa2d32a85042f5fe8e860d3a7b8d3b,0x6b175474e89094c44da98b954eedeac495271d0f,DAI,30654,burn,plumbing,new,0x3225737a9bbb6473cb4a45b7244aca2befdb276a,DAI_USDS,,0x0000000000000000000000000000000000000000,,
2025-09-22,0x0d42cb72cf7e58c7a7df17d976e7421c453318344138be55b1fc4e2db4655a74,506,0x98b876f9e8aa2d32a85042f5fe8e860d3a7b8d3b,0xdc035d45d973e3ec169d2276ddab16f1e407384f,USDS,30654,mint,msc-payment,payments.csv,0x0000000000000000000000000000000000000000,,,0x1369f7b2b38c76b6478c0f0e66d94923421891ba,GROVE_SUBPROXY,GROVE
2025-09-22,0x0d42cb72cf7e58c7a7df17d976e7421c453318344138be55b1fc4e2db4655a74,515,0x98b876f9e8aa2d32a85042f5fe8e860d3a7b8d3b,0x6b175474e89094c44da98b954eedeac495271d0f,DAI,5927944,mint,plumbing,new,0x0000000000000000000000000000000000000000,,,0xbe8e3e3618f7474f8cb1d074a26affef007e98fb,MCD_PAUSE_PROXY,
2025-09-22,0x0d42cb72cf7e58c7a7df17d976e7421c453318344138be55b1fc4e2db4655a74,518,0x98b876f9e8aa2d32a85042f5fe8e860d3a7b8d3b,0x6b175474e89094c44da98b954eedeac495271d0f,DAI,5927944,transfer,plumbing,new,0xbe8e3e3618f7474f8cb1d074a26affef007e98fb,MCD_PAUSE_PROXY,,0x3225737a9bbb6473cb4a45b7244aca2befdb276a,DAI_USDS,
2025-09-22,0x0d42cb72cf7e58c7a7df17d976e7421c453318344138be55b1fc4e2db4655a74,520,0x98b876f9e8aa2d32a85042f5fe8e860d3a7b8d3b,0x6b175474e89094c44da98b954eedeac495271d0f,DAI,5927944,burn,plumbing,new,0x3225737a9bbb6473cb4a45b7244aca2befdb276a,DAI_USDS,,0x0000000000000000000000000000000000000000,,
2025-09-22,0x0d42cb72cf7e58c7a7df17d976e7421c453318344138be55b1fc4e2db4655a74,523,0x98b876f9e8aa2d32a85042f5fe8e860d3a7b8d3b,0xdc035d45d973e3ec169d2276ddab16f1e407384f,USDS,5927944,mint,msc-payment,payments.csv,0x0000000000000000000000000000000000000000,,,0x3300f198988e4c9c63f75df86de36421f06af8c4,SPARK_SUBPROXY,SPARK
2025-09-22,0x0d42cb72cf7e58c7a7df17d976e7421c453318344138be55b1fc4e2db4655a74,528,0x98b876f9e8aa2d32a85042f5fe8e860d3a7b8d3b,0x6b175474e89094c44da98b954eedeac495271d0f,DAI,4000,mint,plumbing,new,0x0000000000000000000000000000000000000000,,,0xbe8e3e3618f7474f8cb1d074a26affef007e98fb,MCD_PAUSE_PROXY,
2025-09-22,0x0d42cb72cf7e58c7a7df17d976e7421c453318344138be55b1fc4e2db4655a74,531,0x98b876f9e8aa2d32a85042f5fe8e860d3a7b8d3b,0x6b175474e89094c44da98b954eedeac495271d0f,DAI,4000,transfer,plumbing,new,0xbe8e3e3618f7474f8cb1d074a26affef007e98fb,MCD_PAUSE_PROXY,,0x3225737a9bbb6473cb4a45b7244aca2befdb276a,DAI_USDS,
2025-09-22,0x0d42cb72cf7e58c7a7df17d976e7421c453318344138be55b1fc4e2db4655a74,533,0x98b876f9e8aa2d32a85042f5fe8e860d3a7b8d3b,0x6b175474e89094c44da98b954eedeac495271d0f,DAI,4000,burn,plumbing,new,0x3225737a9bbb6473cb4a45b7244aca2befdb276a,DAI_USDS,,0x0000000000000000000000000000000000000000,,
2025-09-22,0x0d42cb72cf7e58c7a7df17d976e7421c453318344138be55b1fc4e2db4655a74,536,0x98b876f9e8aa2d32a85042f5fe8e860d3a7b8d3b,0xdc035d45d973e3ec169d2276ddab16f1e407384f,USDS,4000,mint,protocol-outflow,new,0x0000000000000000000000000000000000000000,,,0xb6c09680d822f162449cdfb8248a7d3fc26ec9bf,,
2025-09-22,0x0d42cb72cf7e58c7a7df17d976e7421c453318344138be55b1fc4e2db4655a74,541,0x98b876f9e8aa2d32a85042f5fe8e860d3a7b8d3b,0x6b175474e89094c44da98b954eedeac495271d0f,DAI,4000,mint,plumbing,new,0x0000000000000000000000000000000000000000,,,0xbe8e3e3618f7474f8cb1d074a26affef007e98fb,MCD_PAUSE_PROXY,
2025-09-22,0x0d42cb72cf7e58c7a7df17d976e7421c453318344138be55b1fc4e2db4655a74,544,0x98b876f9e8aa2d32a85042f5fe8e860d3a7b8d3b,0x6b175474e89094c44da98b954eedeac495271d0f,DAI,4000,transfer,plumbing,new,0xbe8e3e3618f7474f8cb1d074a26affef007e98fb,MCD_PAUSE_PROXY,,0x3225737a9bbb6473cb4a45b7244aca2befdb276a,DAI_USDS,
2025-09-22,0x0d42cb72cf7e58c7a7df17d976e7421c453318344138be55b1fc4e2db4655a74,546,0x98b876f9e8aa2d32a85042f5fe8e860d3a7b8d3b,0x6b175474e89094c44da98b954eedeac495271d0f,DAI,4000,burn,plumbing,new,0x3225737a9bbb6473cb4a45b7244aca2befdb276a,DAI_USDS,,0x0000000000000000000000000000000000000000,,
2025-09-22,0x0d42cb72cf7e58c7a7df17d976e7421c453318344138be55b1fc4e2db4655a74,549,0x98b876f9e8aa2d32a85042f5fe8e860d3a7b8d3b,0xdc035d45d973e3ec169d2276ddab16f1e407384f,USDS,4000,mint,protocol-outflow,new,0x0000000000000000000000000000000000000000,,,0x167c1a762b08d7e78dbf8f24e5c3f1ab415021d3,,
2025-09-22,0x0d42cb72cf7e58c7a7df17d976e7421c453318344138be55b1fc4e2db4655a74,554,0x98b876f9e8aa2d32a85042f5fe8e860d3a7b8d3b,0x6b175474e89094c44da98b954eedeac495271d0f,DAI,4000,mint,plumbing,new,0x0000000000000000000000000000000000000000,,,0xbe8e3e3618f7474f8cb1d074a26affef007e98fb,MCD_PAUSE_PROXY,
2025-09-22,0x0d42cb72cf7e58c7a7df17d976e7421c453318344138be55b1fc4e2db4655a74,557,0x98b876f9e8aa2d32a85042f5fe8e860d3a7b8d3b,0x6b175474e89094c44da98b954eedeac495271d0f,DAI,4000,transfer,plumbing,new,0xbe8e3e3618f7474f8cb1d074a26affef007e98fb,MCD_PAUSE_PROXY,,0x3225737a9bbb6473cb4a45b7244aca2befdb276a,DAI_USDS,
2025-09-22,0x0d42cb72cf7e58c7a7df17d976e7421c453318344138be55b1fc4e2db4655a74,559,0x98b876f9e8aa2d32a85042f5fe8e860d3a7b8d3b,0x6b175474e89094c44da98b954eedeac495271d0f,DAI,4000,burn,plumbing,new,0x3225737a9bbb6473cb4a45b7244aca2befdb276a,DAI_USDS,,0x0000000000000000000000000000000000000000,,
2025-09-22,0x0d42cb72cf7e58c7a7df17d976e7421c453318344138be55b1fc4e2db4655a74,562,0x98b876f9e8aa2d32a85042f5fe8e860d3a7b8d3b,0xdc035d45d973e3ec169d2276ddab16f1e407384f,USDS,4000,mint,protocol-outflow,new,0x0000000000000000000000000000000000000000,,,0x9244f47d70587fa2329b89b6f503022b63ad54a5,,
2025-09-22,0x0d42cb72cf7e58c7a7df17d976e7421c453318344138be55b1fc4e2db4655a74,567,0x98b876f9e8aa2d32a85042f5fe8e860d3a7b8d3b,0x6b175474e89094c44da98b954eedeac495271d0f,DAI,4000,mint,plumbing,new,0x0000000000000000000000000000000000000000,,,0xbe8e3e3618f7474f8cb1d074a26affef007e98fb,MCD_PAUSE_PROXY,
2025-09-22,0x0d42cb72cf7e58c7a7df17d976e7421c453318344138be55b1fc4e2db4655a74,570,0x98b876f9e8aa2d32a85042f5fe8e860d3a7b8d3b,0x6b175474e89094c44da98b954eedeac495271d0f,DAI,4000,transfer,plumbing,new,0xbe8e3e3618f7474f8cb1d074a26affef007e98fb,MCD_PAUSE_PROXY,,0x3225737a9bbb6473cb4a45b7244aca2befdb276a,DAI_USDS,
2025-09-22,0x0d42cb72cf7e58c7a7df17d976e7421c453318344138be55b1fc4e2db4655a74,572,0x98b876f9e8aa2d32a85042f5fe8e860d3a7b8d3b,0x6b175474e89094c44da98b954eedeac495271d0f,DAI,4000,burn,plumbing,new,0x3225737a9bbb6473cb4a45b7244aca2befdb276a,DAI_USDS,,0x0000000000000000000000000000000000000000,,
2025-09-22,0x0d42cb72cf7e58c7a7df17d976e7421c453318344138be55b1fc4e2db4655a74,575,0x98b876f9e8aa2d32a85042f5fe8e860d3a7b8d3b,0xdc035d45d973e3ec169d2276ddab16f1e407384f,USDS,4000,mint,protocol-outflow,new,0x0000000000000000000000000000000000000000,,,0xebce83e491947adb1396ee7e55d3c81414fb0d47,,
2025-09-22,0x0d42cb72cf7e58c7a7df17d976e7421c453318344138be55b1fc4e2db4655a74,580,0x98b876f9e8aa2d32a85042f5fe8e860d3a7b8d3b,0x6b175474e89094c44da98b954eedeac495271d0f,DAI,3400,mint,plumbing,new,0x0000000000000000000000000000000000000000,,,0xbe8e3e3618f7474f8cb1d074a26affef007e98fb,MCD_PAUSE_PROXY,
2025-09-22,0x0d42cb72cf7e58c7a7df17d976e7421c453318344138be55b1fc4e2db4655a74,583,0x98b876f9e8aa2d32a85042f5fe8e860d3a7b8d3b,0x6b175474e89094c44da98b954eedeac495271d0f,DAI,3400,transfer,plumbing,new,0xbe8e3e3618f7474f8cb1d074a26affef007e98fb,MCD_PAUSE_PROXY,,0x3225737a9bbb6473cb4a45b7244aca2befdb276a,DAI_USDS,
2025-09-22,0x0d42cb72cf7e58c7a7df17d976e7421c453318344138be55b1fc4e2db4655a74,585,0x98b876f9e8aa2d32a85042f5fe8e860d3a7b8d3b,0x6b175474e89094c44da98b954eedeac495271d0f,DAI,3400,burn,plumbing,new,0x3225737a9bbb6473cb4a45b7244aca2befdb276a,DAI_USDS,,0x0000000000000000000000000000000000000000,,
2025-09-22,0x0d42cb72cf7e58c7a7df17d976e7421c453318344138be55b1fc4e2db4655a74,588,0x98b876f9e8aa2d32a85042f5fe8e860d3a7b8d3b,0xdc035d45d973e3ec169d2276ddab16f1e407384f,USDS,3400,mint,protocol-outflow,new,0x0000000000000000000000000000000000000000,,,0xb2b86a130b1ec101e4aed9a88502e08995760307,,
2025-09-22,0x0d42cb72cf7e58c7a7df17d976e7421c453318344138be55b1fc4e2db4655a74,593,0x98b876f9e8aa2d32a85042f5fe8e860d3a7b8d3b,0x6b175474e89094c44da98b954eedeac495271d0f,DAI,2854,mint,plumbing,new,0x0000000000000000000000000000000000000000,,,0xbe8e3e3618f7474f8cb1d074a26affef007e98fb,MCD_PAUSE_PROXY,
2025-09-22,0x0d42cb72cf7e58c7a7df17d976e7421c453318344138be55b1fc4e2db4655a74,596,0x98b876f9e8aa2d32a85042f5fe8e860d3a7b8d3b,0x6b175474e89094c44da98b954eedeac495271d0f,DAI,2854,transfer,plumbing,new,0xbe8e3e3618f7474f8cb1d074a26affef007e98fb,MCD_PAUSE_PROXY,,0x3225737a9bbb6473cb4a45b7244aca2befdb276a,DAI_USDS,
2025-09-22,0x0d42cb72cf7e58c7a7df17d976e7421c453318344138be55b1fc4e2db4655a74,598,0x98b876f9e8aa2d32a85042f5fe8e860d3a7b8d3b,0x6b175474e89094c44da98b954eedeac495271d0f,DAI,2854,burn,plumbing,new,0x3225737a9bbb6473cb4a45b7244aca2befdb276a,DAI_USDS,,0x0000000000000000000000000000000000000000,,
2025-09-22,0x0d42cb72cf7e58c7a7df17d976e7421c453318344138be55b1fc4e2db4655a74,601,0x98b876f9e8aa2d32a85042f5fe8e860d3a7b8d3b,0xdc035d45d973e3ec169d2276ddab16f1e407384f,USDS,2854,mint,protocol-outflow,new,0x0000000000000000000000000000000000000000,,,0x05c73ae49ff0ec654496bf4008d73274a919cb5c,,
2025-09-22,0x0d42cb72cf7e58c7a7df17d976e7421c453318344138be55b1fc4e2db4655a74,606,0x98b876f9e8aa2d32a85042f5fe8e860d3a7b8d3b,0x6b175474e89094c44da98b954eedeac495271d0f,DAI,645,mint,plumbing,new,0x0000000000000000000000000000000000000000,,,0xbe8e3e3618f7474f8cb1d074a26affef007e98fb,MCD_PAUSE_PROXY,
2025-09-22,0x0d42cb72cf7e58c7a7df17d976e7421c453318344138be55b1fc4e2db4655a74,609,0x98b876f9e8aa2d32a85042f5fe8e860d3a7b8d3b,0x6b175474e89094c44da98b954eedeac495271d0f,DAI,645,transfer,plumbing,new,0xbe8e3e3618f7474f8cb1d074a26affef007e98fb,MCD_PAUSE_PROXY,,0x3225737a9bbb6473cb4a45b7244aca2befdb276a,DAI_USDS,
2025-09-22,0x0d42cb72cf7e58c7a7df17d976e7421c453318344138be55b1fc4e2db4655a74,611,0x98b876f9e8aa2d32a85042f5fe8e860d3a7b8d3b,0x6b175474e89094c44da98b954eedeac495271d0f,DAI,645,burn,plumbing,new,0x3225737a9bbb6473cb4a45b7244aca2befdb276a,DAI_USDS,,0x0000000000000000000000000000000000000000,,
2025-09-22,0x0d42cb72cf7e58c7a7df17d976e7421c453318344138be55b1fc4e2db4655a74,614,0x98b876f9e8aa2d32a85042f5fe8e860d3a7b8d3b,0xdc035d45d973e3ec169d2276ddab16f1e407384f,USDS,645,mint,protocol-outflow,new,0x0000000000000000000000000000000000000000,,,0x78c180cf113fe4845c325f44648b6567bc79d6e0,,
2025-09-22,0x0d42cb72cf7e58c7a7df17d976e7421c453318344138be55b1fc4e2db4655a74,619,0x98b876f9e8aa2d32a85042f5fe8e860d3a7b8d3b,0x6b175474e89094c44da98b954eedeac495271d0f,DAI,11140,mint,plumbing,new,0x0000000000000000000000000000000000000000,,,0xbe8e3e3618f7474f8cb1d074a26affef007e98fb,MCD_PAUSE_PROXY,
2025-09-22,0x0d42cb72cf7e58c7a7df17d976e7421c453318344138be55b1fc4e2db4655a74,622,0x98b876f9e8aa2d32a85042f5fe8e860d3a7b8d3b,0x6b175474e89094c44da98b954eedeac495271d0f,DAI,11140,transfer,plumbing,new,0xbe8e3e3618f7474f8cb1d074a26affef007e98fb,MCD_PAUSE_PROXY,,0x3225737a9bbb6473cb4a45b7244aca2befdb276a,DAI_USDS,
2025-09-22,0x0d42cb72cf7e58c7a7df17d976e7421c453318344138be55b1fc4e2db4655a74,624,0x98b876f9e8aa2d32a85042f5fe8e860d3a7b8d3b,0x6b175474e89094c44da98b954eedeac495271d0f,DAI,11140,burn,plumbing,new,0x3225737a9bbb6473cb4a45b7244aca2befdb276a,DAI_USDS,,0x0000000000000000000000000000000000000000,,
2025-09-22,0x0d42cb72cf7e58c7a7df17d976e7421c453318344138be55b1fc4e2db4655a74,627,0x98b876f9e8aa2d32a85042f5fe8e860d3a7b8d3b,0xdc035d45d973e3ec169d2276ddab16f1e407384f,USDS,11140,mint,protocol-outflow,new,0x0000000000000000000000000000000000000000,,,0x73dfc091ad77c03f2809204fcf03c0b9dccf8c7a,,
2025-09-22,0x0d42cb72cf7e58c7a7df17d976e7421c453318344138be55b1fc4e2db4655a74,632,0x98b876f9e8aa2d32a85042f5fe8e860d3a7b8d3b,0x6b175474e89094c44da98b954eedeac495271d0f,DAI,16417,mint,plumbing,new,0x0000000000000000000000000000000000000000,,,0xbe8e3e3618f7474f8cb1d074a26affef007e98fb,MCD_PAUSE_PROXY,
2025-09-22,0x0d42cb72cf7e58c7a7df17d976e7421c453318344138be55b1fc4e2db4655a74,635,0x98b876f9e8aa2d32a85042f5fe8e860d3a7b8d3b,0x6b175474e89094c44da98b954eedeac495271d0f,DAI,16417,transfer,plumbing,new,0xbe8e3e3618f7474f8cb1d074a26affef007e98fb,MCD_PAUSE_PROXY,,0x3225737a9bbb6473cb4a45b7244aca2befdb276a,DAI_USDS,
2025-09-22,0x0d42cb72cf7e58c7a7df17d976e7421c453318344138be55b1fc4e2db4655a74,637,0x98b876f9e8aa2d32a85042f5fe8e860d3a7b8d3b,0x6b175474e89094c44da98b954eedeac495271d0f,DAI,16417,burn,plumbing,new,0x3225737a9bbb6473cb4a45b7244aca2befdb276a,DAI_USDS,,0x0000000000000000000000000000000000000000,,
2025-09-22,0x0d42cb72cf7e58c7a7df17d976e7421c453318344138be55b1fc4e2db4655a74,640,0x98b876f9e8aa2d32a85042f5fe8e860d3a7b8d3b,0xdc035d45d973e3ec169d2276ddab16f1e407384f,USDS,16417,mint,protocol-outflow,new,0x0000000000000000000000000000000000000000,,,0x9244f47d70587fa2329b89b6f503022b63ad54a5,,
2025-09-22,0x0d42cb72cf7e58c7a7df17d976e7421c453318344138be55b1fc4e2db4655a74,645,0x98b876f9e8aa2d32a85042f5fe8e860d3a7b8d3b,0x6b175474e89094c44da98b954eedeac495271d0f,DAI,50167,mint,plumbing,new,0x0000000000000000000000000000000000000000,,,0xbe8e3e3618f7474f8cb1d074a26affef007e98fb,MCD_PAUSE_PROXY,
2025-09-22,0x0d42cb72cf7e58c7a7df17d976e7421c453318344138be55b1fc4e2db4655a74,648,0x98b876f9e8aa2d32a85042f5fe8e860d3a7b8d3b,0x6b175474e89094c44da98b954eedeac495271d0f,DAI,50167,transfer,plumbing,new,0xbe8e3e3618f7474f8cb1d074a26affef007e98fb,MCD_PAUSE_PROXY,,0x3225737a9bbb6473cb4a45b7244aca2befdb276a,DAI_USDS,
2025-09-22,0x0d42cb72cf7e58c7a7df17d976e7421c453318344138be55b1fc4e2db4655a74,650,0x98b876f9e8aa2d32a85042f5fe8e860d3a7b8d3b,0x6b175474e89094c44da98b954eedeac495271d0f,DAI,50167,burn,plumbing,new,0x3225737a9bbb6473cb4a45b7244aca2befdb276a,DAI_USDS,,0x0000000000000000000000000000000000000000,,
2025-09-22,0x0d42cb72cf7e58c7a7df17d976e7421c453318344138be55b1fc4e2db4655a74,653,0x98b876f9e8aa2d32a85042f5fe8e860d3a7b8d3b,0xdc035d45d973e3ec169d2276ddab16f1e407384f,USDS,50167,mint,protocol-outflow,new,0x0000000000000000000000000000000000000000,,,0xb6c09680d822f162449cdfb8248a7d3fc26ec9bf,,
2025-09-22,0x0d42cb72cf7e58c7a7df17d976e7421c453318344138be55b1fc4e2db4655a74,656,0x98b876f9e8aa2d32a85042f5fe8e860d3a7b8d3b,0x56072c95faa701256059aa122697b133aded9279,SKY,288000,transfer,protocol-outflow,new,0xbe8e3e3618f7474f8cb1d074a26affef007e98fb,MCD_PAUSE_PROXY,,0x9244f47d70587fa2329b89b6f503022b63ad54a5,,
2025-09-22,0x0d42cb72cf7e58c7a7df17d976e7421c453318344138be55b1fc4e2db4655a74,657,0x98b876f9e8aa2d32a85042f5fe8e860d3a7b8d3b,0x56072c95faa701256059aa122697b133aded9279,SKY,330000,transfer,protocol-outflow,new,0xbe8e3e3618f7474f8cb1d074a26affef007e98fb,MCD_PAUSE_PROXY,,0xb6c09680d822f162449cdfb8248a7d3fc26ec9bf,,
2025-09-22,0x0d42cb72cf7e58c7a7df17d976e7421c453318344138be55b1fc4e2db4655a74,682,0x98b876f9e8aa2d32a85042f5fe8e860d3a7b8d3b,0x4dedf26112b3ec8ec46e7e31ea5e123490b05b8b,spDAI,66718.2063836134761034,mint,protocol-outflow,new,0x0000000000000000000000000000000000000000,,,0x856900aa78e856a5df1a2665ee3a66b2487cd68f,,
2025-09-22,0x0d42cb72cf7e58c7a7df17d976e7421c453318344138be55b1fc4e2db4655a74,685,0x98b876f9e8aa2d32a85042f5fe8e860d3a7b8d3b,0xc02ab1a5eaa8d1b114ef786d9bde108cd4364359,spUSDS,92085.506907026035783366,mint,protocol-outflow,new,0x0000000000000000000000000000000000000000,,,0xb137e7d16564c81ae2b0c8ee6b55de81dd46ece5,,
2025-09-22,0x0d42cb72cf7e58c7a7df17d976e7421c453318344138be55b1fc4e2db4655a74,688,0x98b876f9e8aa2d32a85042f5fe8e860d3a7b8d3b,0x4dedf26112b3ec8ec46e7e31ea5e123490b05b8b,spDAI,5585.932110346819590966,mint,protocol-outflow,new,0x0000000000000000000000000000000000000000,,,0x1601843c5e9bc251a3272907010afa41fa18347e,,
2025-09-22,0x0d42cb72cf7e58c7a7df17d976e7421c453318344138be55b1fc4e2db4655a74,690,0x98b876f9e8aa2d32a85042f5fe8e860d3a7b8d3b,0x4dedf26112b3ec8ec46e7e31ea5e123490b05b8b,spDAI,66718.2063836134761034,transfer,unclassified,new,0x856900aa78e856a5df1a2665ee3a66b2487cd68f,,,0x1601843c5e9bc251a3272907010afa41fa18347e,,
2025-09-22,0x0d42cb72cf7e58c7a7df17d976e7421c453318344138be55b1fc4e2db4655a74,692,0x98b876f9e8aa2d32a85042f5fe8e860d3a7b8d3b,0xc02ab1a5eaa8d1b114ef786d9bde108cd4364359,spUSDS,5167.543715391830930759,mint,protocol-outflow,new,0x0000000000000000000000000000000000000000,,,0x1601843c5e9bc251a3272907010afa41fa18347e,,
2025-09-22,0x0d42cb72cf7e58c7a7df17d976e7421c453318344138be55b1fc4e2db4655a74,694,0x98b876f9e8aa2d32a85042f5fe8e860d3a7b8d3b,0xc02ab1a5eaa8d1b114ef786d9bde108cd4364359,spUSDS,92085.506907026035783366,transfer,unclassified,new,0xb137e7d16564c81ae2b0c8ee6b55de81dd46ece5,,,0x1601843c5e9bc251a3272907010afa41fa18347e,,
2025-10-08,0x0af39af528cd328028432e17f451aff046b19536824007f2e1665f1b7ed5b2e3,410,0x0727ffa3221a8d3cdaaabc7d19ed0583847496e1,0x56072c95faa701256059aa122697b133aded9279,SKY,908534.339233821733821734,transfer,plumbing,new,0xbe8e3e3618f7474f8cb1d074a26affef007e98fb,MCD_PAUSE_PROXY,,0xc8d67fcf101d3f89d0e1f3a2857485a84072a63f,REWARDS_DIST_USDS_SKY,
2025-10-08,0x0af39af528cd328028432e17f451aff046b19536824007f2e1665f1b7ed5b2e3,412,0x0727ffa3221a8d3cdaaabc7d19ed0583847496e1,0x56072c95faa701256059aa122697b133aded9279,SKY,908534.339233821733821734,transfer,plumbing,new,0xc8d67fcf101d3f89d0e1f3a2857485a84072a63f,REWARDS_DIST_USDS_SKY,,0x0650caf159c5a49f711e8169d4336ecb9b950275,REWARDS_USDS_SKY,
2025-10-08,0x0af39af528cd328028432e17f451aff046b19536824007f2e1665f1b7ed5b2e3,425,0x0727ffa3221a8d3cdaaabc7d19ed0583847496e1,0x4dedf26112b3ec8ec46e7e31ea5e123490b05b8b,spDAI,78589.506345418486905932,mint,protocol-outflow,new,0x0000000000000000000000000000000000000000,,,0x856900aa78e856a5df1a2665ee3a66b2487cd68f,,
2025-10-08,0x0af39af528cd328028432e17f451aff046b19536824007f2e1665f1b7ed5b2e3,428,0x0727ffa3221a8d3cdaaabc7d19ed0583847496e1,0xc02ab1a5eaa8d1b114ef786d9bde108cd4364359,spUSDS,60433.970534864920956448,mint,protocol-outflow,new,0x0000000000000000000000000000000000000000,,,0xb137e7d16564c81ae2b0c8ee6b55de81dd46ece5,,
2025-10-08,0x0af39af528cd328028432e17f451aff046b19536824007f2e1665f1b7ed5b2e3,431,0x0727ffa3221a8d3cdaaabc7d19ed0583847496e1,0x4dedf26112b3ec8ec46e7e31ea5e123490b05b8b,spDAI,10572.076078138032623093,mint,protocol-outflow,new,0x0000000000000000000000000000000000000000,,,0x1601843c5e9bc251a3272907010afa41fa18347e,,
2025-10-08,0x0af39af528cd328028432e17f451aff046b19536824007f2e1665f1b7ed5b2e3,433,0x0727ffa3221a8d3cdaaabc7d19ed0583847496e1,0x4dedf26112b3ec8ec46e7e31ea5e123490b05b8b,spDAI,78589.506345418486905932,transfer,unclassified,new,0x856900aa78e856a5df1a2665ee3a66b2487cd68f,,,0x1601843c5e9bc251a3272907010afa41fa18347e,,
2025-10-08,0x0af39af528cd328028432e17f451aff046b19536824007f2e1665f1b7ed5b2e3,435,0x0727ffa3221a8d3cdaaabc7d19ed0583847496e1,0xc02ab1a5eaa8d1b114ef786d9bde108cd4364359,spUSDS,32591.297745792922967763,mint,protocol-outflow,new,0x0000000000000000000000000000000000000000,,,0x1601843c5e9bc251a3272907010afa41fa18347e,,
2025-10-08,0x0af39af528cd328028432e17f451aff046b19536824007f2e1665f1b7ed5b2e3,437,0x0727ffa3221a8d3cdaaabc7d19ed0583847496e1,0xc02ab1a5eaa8d1b114ef786d9bde108cd4364359,spUSDS,60433.970534864920956448,transfer,unclassified,new,0xb137e7d16564c81ae2b0c8ee6b55de81dd46ece5,,,0x1601843c5e9bc251a3272907010afa41fa18347e,,
2025-10-08,0x0af39af528cd328028432e17f451aff046b19536824007f2e1665f1b7ed5b2e3,445,0x0727ffa3221a8d3cdaaabc7d19ed0583847496e1,0xa0b86991c6218b36c1d19d4a2e9eb0ce3606eb48,USDC,1,transfer,prime-dust,new,0x3300f198988e4c9c63f75df86de36421f06af8c4,SPARK_SUBPROXY,SPARK,0x28b3a8fb53b741a8fd78c0fb9a6b2393d896a43d,,
2025-10-08,0x0af39af528cd328028432e17f451aff046b19536824007f2e1665f1b7ed5b2e3,447,0x0727ffa3221a8d3cdaaabc7d19ed0583847496e1,0x28b3a8fb53b741a8fd78c0fb9a6b2393d896a43d,spUSDC,1,mint,protocol-outflow,new,0x0000000000000000000000000000000000000000,,,0x0000000000000000000000000000000000000001,,
2025-10-08,0x0af39af528cd328028432e17f451aff046b19536824007f2e1665f1b7ed5b2e3,456,0x0727ffa3221a8d3cdaaabc7d19ed0583847496e1,0xdac17f958d2ee523a2206206994597c13d831ec7,USDT,1,transfer,prime-dust,new,0x3300f198988e4c9c63f75df86de36421f06af8c4,SPARK_SUBPROXY,SPARK,0xe2e7a17dff93280dec073c995595155283e3c372,,
2025-10-08,0x0af39af528cd328028432e17f451aff046b19536824007f2e1665f1b7ed5b2e3,458,0x0727ffa3221a8d3cdaaabc7d19ed0583847496e1,0xe2e7a17dff93280dec073c995595155283e3c372,spUSDT,1,mint,protocol-outflow,new,0x0000000000000000000000000000000000000000,,,0x0000000000000000000000000000000000000001,,
2025-10-08,0x0af39af528cd328028432e17f451aff046b19536824007f2e1665f1b7ed5b2e3,467,0x0727ffa3221a8d3cdaaabc7d19ed0583847496e1,0xc02aaa39b223fe8d0a0e5c4f27ead9083c756cc2,WETH,0.0001,transfer,prime-dust,new,0x3300f198988e4c9c63f75df86de36421f06af8c4,SPARK_SUBPROXY,SPARK,0xfe6eb3b609a7c8352a241f7f3a21cea4e9209b8f,,
2025-10-08,0x0af39af528cd328028432e17f451aff046b19536824007f2e1665f1b7ed5b2e3,469,0x0727ffa3221a8d3cdaaabc7d19ed0583847496e1,0xfe6eb3b609a7c8352a241f7f3a21cea4e9209b8f,spETH,0.0001,mint,protocol-outflow,new,0x0000000000000000000000000000000000000000,,,0x0000000000000000000000000000000000000001,,
2025-10-08,0x0af39af528cd328028432e17f451aff046b19536824007f2e1665f1b7ed5b2e3,476,0x0727ffa3221a8d3cdaaabc7d19ed0583847496e1,0x30d20208d987713f46dfd34ef128bb16c404d10f,SD,0,transfer,unclassified,new,0xac140648435d03f784879cd789130f22ef588fcd,,,0x1601843c5e9bc251a3272907010afa41fa18347e,,
2025-10-08,0x0af39af528cd328028432e17f451aff046b19536824007f2e1665f1b7ed5b2e3,480,0x0727ffa3221a8d3cdaaabc7d19ed0583847496e1,0xfa1fdbbd71b0aa16162d76914d69cd8cb3ef92da,aEthLidoWETH,0.000731504131217367,mint,protocol-outflow,new,0x0000000000000000000000000000000000000000,,,0xac140648435d03f784879cd789130f22ef588fcd,,
2025-10-08,0x0af39af528cd328028432e17f451aff046b19536824007f2e1665f1b7ed5b2e3,482,0x0727ffa3221a8d3cdaaabc7d19ed0583847496e1,0xfa1fdbbd71b0aa16162d76914d69cd8cb3ef92da,aEthLidoWETH,0,transfer,unclassified,new,0xac140648435d03f784879cd789130f22ef588fcd,,,0x1601843c5e9bc251a3272907010afa41fa18347e,,
2025-10-08,0x0af39af528cd328028432e17f451aff046b19536824007f2e1665f1b7ed5b2e3,485,0x0727ffa3221a8d3cdaaabc7d19ed0583847496e1,0x7f39c581f595b53c5cb19bd0b3f8da6c935e2ca0,wstETH,0,transfer,unclassified,new,0xac140648435d03f784879cd789130f22ef588fcd,,,0x1601843c5e9bc251a3272907010afa41fa18347e,,
2025-10-08,0x0af39af528cd328028432e17f451aff046b19536824007f2e1665f1b7ed5b2e3,490,0x0727ffa3221a8d3cdaaabc7d19ed0583847496e1,0x32a6268f9ba3642dda7892add74f1d34469a4259,aEthUSDS,3.841585179137365621,mint,protocol-outflow,new,0x0000000000000000000000000000000000000000,,,0xac140648435d03f784879cd789130f22ef588fcd,,
2025-10-08,0x0af39af528cd328028432e17f451aff046b19536824007f2e1665f1b7ed5b2e3,492,0x0727ffa3221a8d3cdaaabc7d19ed0583847496e1,0x32a6268f9ba3642dda7892add74f1d34469a4259,aEthUSDS,0.000010486314002708,mint,protocol-outflow,new,0x0000000000000000000000000000000000000000,,,0x1601843c5e9bc251a3272907010afa41fa18347e,,
2025-10-08,0x0af39af528cd328028432e17f451aff046b19536824007f2e1665f1b7ed5b2e3,494,0x0727ffa3221a8d3cdaaabc7d19ed0583847496e1,0x32a6268f9ba3642dda7892add74f1d34469a4259,aEthUSDS,243167.543642328131607315,transfer,unclassified,new,0xac140648435d03f784879cd789130f22ef588fcd,,,0x1601843c5e9bc251a3272907010afa41fa18347e,,
2025-10-08,0x0af39af528cd328028432e17f451aff046b19536824007f2e1665f1b7ed5b2e3,498,0x0727ffa3221a8d3cdaaabc7d19ed0583847496e1,0xc035a7cf15375ce2706766804551791ad035e0c2,aEthLidowstETH,0.00000267601808596,mint,protocol-outflow,new,0x0000000000000000000000000000000000000000,,,0xac140648435d03f784879cd789130f22ef588fcd,,
2025-10-08,0x0af39af528cd328028432e17f451aff046b19536824007f2e1665f1b7ed5b2e3,500,0x0727ffa3221a8d3cdaaabc7d19ed0583847496e1,0xc035a7cf15375ce2706766804551791ad035e0c2,aEthLidowstETH,0,transfer,unclassified,new,0xac140648435d03f784879cd789130f22ef588fcd,,,0x1601843c5e9bc251a3272907010afa41fa18347e,,
2025-10-08,0x0af39af528cd328028432e17f451aff046b19536824007f2e1665f1b7ed5b2e3,505,0x0727ffa3221a8d3cdaaabc7d19ed0583847496e1,0xdc035d45d973e3ec169d2276ddab16f1e407384f,USDS,1031866,transfer,cross-prime,new,0x3300f198988e4c9c63f75df86de36421f06af8c4,SPARK_SUBPROXY,SPARK,0x1369f7b2b38c76b6478c0f0e66d94923421891ba,GROVE_SUBPROXY,GROVE
2025-10-08,0x0af39af528cd328028432e17f451aff046b19536824007f2e1665f1b7ed5b2e3,506,0x0727ffa3221a8d3cdaaabc7d19ed0583847496e1,0xdc035d45d973e3ec169d2276ddab16f1e407384f,USDS,1100000,transfer,prime-outflow,new,0x3300f198988e4c9c63f75df86de36421f06af8c4,SPARK_SUBPROXY,SPARK,0x92e4629a4510af5819d7d1601464c233599ff5ec,,
2025-10-08,0x0af39af528cd328028432e17f451aff046b19536824007f2e1665f1b7ed5b2e3,522,0x0727ffa3221a8d3cdaaabc7d19ed0583847496e1,0x4c1746a800d224393fe2470c70a35717ed4ea5f1,PLUME,50,transfer,prime-outflow,new,0x1369f7b2b38c76b6478c0f0e66d94923421891ba,GROVE_SUBPROXY,GROVE,0x943fc691242291b74b105e8d19bd9e5dc2fcba1d,,
2025-10-08,0x0af39af528cd328028432e17f451aff046b19536824007f2e1665f1b7ed5b2e3,524,0x0727ffa3221a8d3cdaaabc7d19ed0583847496e1,0x4c1746a800d224393fe2470c70a35717ed4ea5f1,PLUME,50,transfer,unclassified,new,0x943fc691242291b74b105e8d19bd9e5dc2fcba1d,,,0x35381f63091926750f43b2a7401b083263adef83,,
2025-10-20,0xf5590375e7fd63002cc0f3b5613f42d2d7f35c24312b713c80b519afff998745,191,0xf3d37a2508d269b8328026f72d65795730ce07b6,0x6b175474e89094c44da98b954eedeac495271d0f,DAI,3827201,mint,plumbing,new,0x0000000000000000000000000000000000000000,,,0xbe8e3e3618f7474f8cb1d074a26affef007e98fb,MCD_PAUSE_PROXY,
2025-10-20,0xf5590375e7fd63002cc0f3b5613f42d2d7f35c24312b713c80b519afff998745,194,0xf3d37a2508d269b8328026f72d65795730ce07b6,0x6b175474e89094c44da98b954eedeac495271d0f,DAI,3827201,transfer,plumbing,new,0xbe8e3e3618f7474f8cb1d074a26affef007e98fb,MCD_PAUSE_PROXY,,0x3225737a9bbb6473cb4a45b7244aca2befdb276a,DAI_USDS,
2025-10-20,0xf5590375e7fd63002cc0f3b5613f42d2d7f35c24312b713c80b519afff998745,196,0xf3d37a2508d269b8328026f72d65795730ce07b6,0x6b175474e89094c44da98b954eedeac495271d0f,DAI,3827201,burn,plumbing,new,0x3225737a9bbb6473cb4a45b7244aca2befdb276a,DAI_USDS,,0x0000000000000000000000000000000000000000,,
2025-10-20,0xf5590375e7fd63002cc0f3b5613f42d2d7f35c24312b713c80b519afff998745,199,0xf3d37a2508d269b8328026f72d65795730ce07b6,0xdc035d45d973e3ec169d2276ddab16f1e407384f,USDS,3827201,mint,msc-payment,payments.csv,0x0000000000000000000000000000000000000000,,,0x3300f198988e4c9c63f75df86de36421f06af8c4,SPARK_SUBPROXY,SPARK
2025-10-20,0xf5590375e7fd63002cc0f3b5613f42d2d7f35c24312b713c80b519afff998745,208,0xf3d37a2508d269b8328026f72d65795730ce07b6,0x6b175474e89094c44da98b954eedeac495271d0f,DAI,104924,mint,plumbing,new,0x0000000000000000000000000000000000000000,,,0xbe8e3e3618f7474f8cb1d074a26affef007e98fb,MCD_PAUSE_PROXY,
2025-10-20,0xf5590375e7fd63002cc0f3b5613f42d2d7f35c24312b713c80b519afff998745,211,0xf3d37a2508d269b8328026f72d65795730ce07b6,0x6b175474e89094c44da98b954eedeac495271d0f,DAI,104924,transfer,plumbing,new,0xbe8e3e3618f7474f8cb1d074a26affef007e98fb,MCD_PAUSE_PROXY,,0x3225737a9bbb6473cb4a45b7244aca2befdb276a,DAI_USDS,
2025-10-20,0xf5590375e7fd63002cc0f3b5613f42d2d7f35c24312b713c80b519afff998745,213,0xf3d37a2508d269b8328026f72d65795730ce07b6,0x6b175474e89094c44da98b954eedeac495271d0f,DAI,104924,burn,plumbing,new,0x3225737a9bbb6473cb4a45b7244aca2befdb276a,DAI_USDS,,0x0000000000000000000000000000000000000000,,
2025-10-20,0xf5590375e7fd63002cc0f3b5613f42d2d7f35c24312b713c80b519afff998745,216,0xf3d37a2508d269b8328026f72d65795730ce07b6,0xdc035d45d973e3ec169d2276ddab16f1e407384f,USDS,104924,mint,msc-payment,payments.csv,0x0000000000000000000000000000000000000000,,,0x1369f7b2b38c76b6478c0f0e66d94923421891ba,GROVE_SUBPROXY,GROVE
2025-10-20,0xf5590375e7fd63002cc0f3b5613f42d2d7f35c24312b713c80b519afff998745,221,0xf3d37a2508d269b8328026f72d65795730ce07b6,0x6b175474e89094c44da98b954eedeac495271d0f,DAI,4000,mint,plumbing,new,0x0000000000000000000000000000000000000000,,,0xbe8e3e3618f7474f8cb1d074a26affef007e98fb,MCD_PAUSE_PROXY,
2025-10-20,0xf5590375e7fd63002cc0f3b5613f42d2d7f35c24312b713c80b519afff998745,224,0xf3d37a2508d269b8328026f72d65795730ce07b6,0x6b175474e89094c44da98b954eedeac495271d0f,DAI,4000,transfer,plumbing,new,0xbe8e3e3618f7474f8cb1d074a26affef007e98fb,MCD_PAUSE_PROXY,,0x3225737a9bbb6473cb4a45b7244aca2befdb276a,DAI_USDS,
2025-10-20,0xf5590375e7fd63002cc0f3b5613f42d2d7f35c24312b713c80b519afff998745,226,0xf3d37a2508d269b8328026f72d65795730ce07b6,0x6b175474e89094c44da98b954eedeac495271d0f,DAI,4000,burn,plumbing,new,0x3225737a9bbb6473cb4a45b7244aca2befdb276a,DAI_USDS,,0x0000000000000000000000000000000000000000,,
2025-10-20,0xf5590375e7fd63002cc0f3b5613f42d2d7f35c24312b713c80b519afff998745,229,0xf3d37a2508d269b8328026f72d65795730ce07b6,0xdc035d45d973e3ec169d2276ddab16f1e407384f,USDS,4000,mint,protocol-outflow,new,0x0000000000000000000000000000000000000000,,,0x78c180cf113fe4845c325f44648b6567bc79d6e0,,
2025-10-20,0xf5590375e7fd63002cc0f3b5613f42d2d7f35c24312b713c80b519afff998745,234,0xf3d37a2508d269b8328026f72d65795730ce07b6,0x6b175474e89094c44da98b954eedeac495271d0f,DAI,4000,mint,plumbing,new,0x0000000000000000000000000000000000000000,,,0xbe8e3e3618f7474f8cb1d074a26affef007e98fb,MCD_PAUSE_PROXY,
2025-10-20,0xf5590375e7fd63002cc0f3b5613f42d2d7f35c24312b713c80b519afff998745,237,0xf3d37a2508d269b8328026f72d65795730ce07b6,0x6b175474e89094c44da98b954eedeac495271d0f,DAI,4000,transfer,plumbing,new,0xbe8e3e3618f7474f8cb1d074a26affef007e98fb,MCD_PAUSE_PROXY,,0x3225737a9bbb6473cb4a45b7244aca2befdb276a,DAI_USDS,
2025-10-20,0xf5590375e7fd63002cc0f3b5613f42d2d7f35c24312b713c80b519afff998745,239,0xf3d37a2508d269b8328026f72d65795730ce07b6,0x6b175474e89094c44da98b954eedeac495271d0f,DAI,4000,burn,plumbing,new,0x3225737a9bbb6473cb4a45b7244aca2befdb276a,DAI_USDS,,0x0000000000000000000000000000000000000000,,
2025-10-20,0xf5590375e7fd63002cc0f3b5613f42d2d7f35c24312b713c80b519afff998745,242,0xf3d37a2508d269b8328026f72d65795730ce07b6,0xdc035d45d973e3ec169d2276ddab16f1e407384f,USDS,4000,mint,protocol-outflow,new,0x0000000000000000000000000000000000000000,,,0xb6c09680d822f162449cdfb8248a7d3fc26ec9bf,,
2025-10-20,0xf5590375e7fd63002cc0f3b5613f42d2d7f35c24312b713c80b519afff998745,247,0xf3d37a2508d269b8328026f72d65795730ce07b6,0x6b175474e89094c44da98b954eedeac495271d0f,DAI,4000,mint,plumbing,new,0x0000000000000000000000000000000000000000,,,0xbe8e3e3618f7474f8cb1d074a26affef007e98fb,MCD_PAUSE_PROXY,
2025-10-20,0xf5590375e7fd63002cc0f3b5613f42d2d7f35c24312b713c80b519afff998745,250,0xf3d37a2508d269b8328026f72d65795730ce07b6,0x6b175474e89094c44da98b954eedeac495271d0f,DAI,4000,transfer,plumbing,new,0xbe8e3e3618f7474f8cb1d074a26affef007e98fb,MCD_PAUSE_PROXY,,0x3225737a9bbb6473cb4a45b7244aca2befdb276a,DAI_USDS,
2025-10-20,0xf5590375e7fd63002cc0f3b5613f42d2d7f35c24312b713c80b519afff998745,252,0xf3d37a2508d269b8328026f72d65795730ce07b6,0x6b175474e89094c44da98b954eedeac495271d0f,DAI,4000,burn,plumbing,new,0x3225737a9bbb6473cb4a45b7244aca2befdb276a,DAI_USDS,,0x0000000000000000000000000000000000000000,,
2025-10-20,0xf5590375e7fd63002cc0f3b5613f42d2d7f35c24312b713c80b519afff998745,255,0xf3d37a2508d269b8328026f72d65795730ce07b6,0xdc035d45d973e3ec169d2276ddab16f1e407384f,USDS,4000,mint,protocol-outflow,new,0x0000000000000000000000000000000000000000,,,0x167c1a762b08d7e78dbf8f24e5c3f1ab415021d3,,
2025-10-20,0xf5590375e7fd63002cc0f3b5613f42d2d7f35c24312b713c80b519afff998745,260,0xf3d37a2508d269b8328026f72d65795730ce07b6,0x6b175474e89094c44da98b954eedeac495271d0f,DAI,4000,mint,plumbing,new,0x0000000000000000000000000000000000000000,,,0xbe8e3e3618f7474f8cb1d074a26affef007e98fb,MCD_PAUSE_PROXY,
2025-10-20,0xf5590375e7fd63002cc0f3b5613f42d2d7f35c24312b713c80b519afff998745,263,0xf3d37a2508d269b8328026f72d65795730ce07b6,0x6b175474e89094c44da98b954eedeac495271d0f,DAI,4000,transfer,plumbing,new,0xbe8e3e3618f7474f8cb1d074a26affef007e98fb,MCD_PAUSE_PROXY,,0x3225737a9bbb6473cb4a45b7244aca2befdb276a,DAI_USDS,
2025-10-20,0xf5590375e7fd63002cc0f3b5613f42d2d7f35c24312b713c80b519afff998745,265,0xf3d37a2508d269b8328026f72d65795730ce07b6,0x6b175474e89094c44da98b954eedeac495271d0f,DAI,4000,burn,plumbing,new,0x3225737a9bbb6473cb4a45b7244aca2befdb276a,DAI_USDS,,0x0000000000000000000000000000000000000000,,
2025-10-20,0xf5590375e7fd63002cc0f3b5613f42d2d7f35c24312b713c80b519afff998745,268,0xf3d37a2508d269b8328026f72d65795730ce07b6,0xdc035d45d973e3ec169d2276ddab16f1e407384f,USDS,4000,mint,protocol-outflow,new,0x0000000000000000000000000000000000000000,,,0x9244f47d70587fa2329b89b6f503022b63ad54a5,,
2025-10-20,0xf5590375e7fd63002cc0f3b5613f42d2d7f35c24312b713c80b519afff998745,273,0xf3d37a2508d269b8328026f72d65795730ce07b6,0x6b175474e89094c44da98b954eedeac495271d0f,DAI,4000,mint,plumbing,new,0x0000000000000000000000000000000000000000,,,0xbe8e3e3618f7474f8cb1d074a26affef007e98fb,MCD_PAUSE_PROXY,
2025-10-20,0xf5590375e7fd63002cc0f3b5613f42d2d7f35c24312b713c80b519afff998745,276,0xf3d37a2508d269b8328026f72d65795730ce07b6,0x6b175474e89094c44da98b954eedeac495271d0f,DAI,4000,transfer,plumbing,new,0xbe8e3e3618f7474f8cb1d074a26affef007e98fb,MCD_PAUSE_PROXY,,0x3225737a9bbb6473cb4a45b7244aca2befdb276a,DAI_USDS,
2025-10-20,0xf5590375e7fd63002cc0f3b5613f42d2d7f35c24312b713c80b519afff998745,278,0xf3d37a2508d269b8328026f72d65795730ce07b6,0x6b175474e89094c44da98b954eedeac495271d0f,DAI,4000,burn,plumbing,new,0x3225737a9bbb6473cb4a45b7244aca2befdb276a,DAI_USDS,,0x0000000000000000000000000000000000000000,,
2025-10-20,0xf5590375e7fd63002cc0f3b5613f42d2d7f35c24312b713c80b519afff998745,281,0xf3d37a2508d269b8328026f72d65795730ce07b6,0xdc035d45d973e3ec169d2276ddab16f1e407384f,USDS,4000,mint,protocol-outflow,new,0x0000000000000000000000000000000000000000,,,0xb2b86a130b1ec101e4aed9a88502e08995760307,,
2025-10-20,0xf5590375e7fd63002cc0f3b5613f42d2d7f35c24312b713c80b519afff998745,286,0xf3d37a2508d269b8328026f72d65795730ce07b6,0x6b175474e89094c44da98b954eedeac495271d0f,DAI,3824,mint,plumbing,new,0x0000000000000000000000000000000000000000,,,0xbe8e3e3618f7474f8cb1d074a26affef007e98fb,MCD_PAUSE_PROXY,
2025-10-20,0xf5590375e7fd63002cc0f3b5613f42d2d7f35c24312b713c80b519afff998745,289,0xf3d37a2508d269b8328026f72d65795730ce07b6,0x6b175474e89094c44da98b954eedeac495271d0f,DAI,3824,transfer,plumbing,new,0xbe8e3e3618f7474f8cb1d074a26affef007e98fb,MCD_PAUSE_PROXY,,0x3225737a9bbb6473cb4a45b7244aca2befdb276a,DAI_USDS,
2025-10-20,0xf5590375e7fd63002cc0f3b5613f42d2d7f35c24312b713c80b519afff998745,291,0xf3d37a2508d269b8328026f72d65795730ce07b6,0x6b175474e89094c44da98b954eedeac495271d0f,DAI,3824,burn,plumbing,new,0x3225737a9bbb6473cb4a45b7244aca2befdb276a,DAI_USDS,,0x0000000000000000000000000000000000000000,,
2025-10-20,0xf5590375e7fd63002cc0f3b5613f42d2d7f35c24312b713c80b519afff998745,294,0xf3d37a2508d269b8328026f72d65795730ce07b6,0xdc035d45d973e3ec169d2276ddab16f1e407384f,USDS,3824,mint,protocol-outflow,new,0x0000000000000000000000000000000000000000,,,0x05c73ae49ff0ec654496bf4008d73274a919cb5c,,
2025-10-20,0xf5590375e7fd63002cc0f3b5613f42d2d7f35c24312b713c80b519afff998745,299,0xf3d37a2508d269b8328026f72d65795730ce07b6,0x6b175474e89094c44da98b954eedeac495271d0f,DAI,11604,mint,plumbing,new,0x0000000000000000000000000000000000000000,,,0xbe8e3e3618f7474f8cb1d074a26affef007e98fb,MCD_PAUSE_PROXY,
2025-10-20,0xf5590375e7fd63002cc0f3b5613f42d2d7f35c24312b713c80b519afff998745,302,0xf3d37a2508d269b8328026f72d65795730ce07b6,0x6b175474e89094c44da98b954eedeac495271d0f,DAI,11604,transfer,plumbing,new,0xbe8e3e3618f7474f8cb1d074a26affef007e98fb,MCD_PAUSE_PROXY,,0x3225737a9bbb6473cb4a45b7244aca2befdb276a,DAI_USDS,
2025-10-20,0xf5590375e7fd63002cc0f3b5613f42d2d7f35c24312b713c80b519afff998745,304,0xf3d37a2508d269b8328026f72d65795730ce07b6,0x6b175474e89094c44da98b954eedeac495271d0f,DAI,11604,burn,plumbing,new,0x3225737a9bbb6473cb4a45b7244aca2befdb276a,DAI_USDS,,0x0000000000000000000000000000000000000000,,
2025-10-20,0xf5590375e7fd63002cc0f3b5613f42d2d7f35c24312b713c80b519afff998745,307,0xf3d37a2508d269b8328026f72d65795730ce07b6,0xdc035d45d973e3ec169d2276ddab16f1e407384f,USDS,11604,mint,protocol-outflow,new,0x0000000000000000000000000000000000000000,,,0x73dfc091ad77c03f2809204fcf03c0b9dccf8c7a,,
2025-10-20,0xf5590375e7fd63002cc0f3b5613f42d2d7f35c24312b713c80b519afff998745,312,0xf3d37a2508d269b8328026f72d65795730ce07b6,0x6b175474e89094c44da98b954eedeac495271d0f,DAI,16417,mint,plumbing,new,0x0000000000000000000000000000000000000000,,,0xbe8e3e3618f7474f8cb1d074a26affef007e98fb,MCD_PAUSE_PROXY,
2025-10-20,0xf5590375e7fd63002cc0f3b5613f42d2d7f35c24312b713c80b519afff998745,315,0xf3d37a2508d269b8328026f72d65795730ce07b6,0x6b175474e89094c44da98b954eedeac495271d0f,DAI,16417,transfer,plumbing,new,0xbe8e3e3618f7474f8cb1d074a26affef007e98fb,MCD_PAUSE_PROXY,,0x3225737a9bbb6473cb4a45b7244aca2befdb276a,DAI_USDS,
2025-10-20,0xf5590375e7fd63002cc0f3b5613f42d2d7f35c24312b713c80b519afff998745,317,0xf3d37a2508d269b8328026f72d65795730ce07b6,0x6b175474e89094c44da98b954eedeac495271d0f,DAI,16417,burn,plumbing,new,0x3225737a9bbb6473cb4a45b7244aca2befdb276a,DAI_USDS,,0x0000000000000000000000000000000000000000,,
2025-10-20,0xf5590375e7fd63002cc0f3b5613f42d2d7f35c24312b713c80b519afff998745,320,0xf3d37a2508d269b8328026f72d65795730ce07b6,0xdc035d45d973e3ec169d2276ddab16f1e407384f,USDS,16417,mint,protocol-outflow,new,0x0000000000000000000000000000000000000000,,,0x9244f47d70587fa2329b89b6f503022b63ad54a5,,
2025-10-20,0xf5590375e7fd63002cc0f3b5613f42d2d7f35c24312b713c80b519afff998745,325,0xf3d37a2508d269b8328026f72d65795730ce07b6,0x6b175474e89094c44da98b954eedeac495271d0f,DAI,50167,mint,plumbing,new,0x0000000000000000000000000000000000000000,,,0xbe8e3e3618f7474f8cb1d074a26affef007e98fb,MCD_PAUSE_PROXY,
2025-10-20,0xf5590375e7fd63002cc0f3b5613f42d2d7f35c24312b713c80b519afff998745,328,0xf3d37a2508d269b8328026f72d65795730ce07b6,0x6b175474e89094c44da98b954eedeac495271d0f,DAI,50167,transfer,plumbing,new,0xbe8e3e3618f7474f8cb1d074a26affef007e98fb,MCD_PAUSE_PROXY,,0x3225737a9bbb6473cb4a45b7244aca2befdb276a,DAI_USDS,
2025-10-20,0xf5590375e7fd63002cc0f3b5613f42d2d7f35c24312b713c80b519afff998745,330,0xf3d37a2508d269b8328026f72d65795730ce07b6,0x6b175474e89094c44da98b954eedeac495271d0f,DAI,50167,burn,plumbing,new,0x3225737a9bbb6473cb4a45b7244aca2befdb276a,DAI_USDS,,0x0000000000000000000000000000000000000000,,
2025-10-20,0xf5590375e7fd63002cc0f3b5613f42d2d7f35c24312b713c80b519afff998745,333,0xf3d37a2508d269b8328026f72d65795730ce07b6,0xdc035d45d973e3ec169d2276ddab16f1e407384f,USDS,50167,mint,protocol-outflow,new,0x0000000000000000000000000000000000000000,,,0xb6c09680d822f162449cdfb8248a7d3fc26ec9bf,,
2025-10-20,0xf5590375e7fd63002cc0f3b5613f42d2d7f35c24312b713c80b519afff998745,336,0xf3d37a2508d269b8328026f72d65795730ce07b6,0x56072c95faa701256059aa122697b133aded9279,SKY,288000,transfer,protocol-outflow,new,0xbe8e3e3618f7474f8cb1d074a26affef007e98fb,MCD_PAUSE_PROXY,,0x9244f47d70587fa2329b89b6f503022b63ad54a5,,
2025-10-20,0xf5590375e7fd63002cc0f3b5613f42d2d7f35c24312b713c80b519afff998745,337,0xf3d37a2508d269b8328026f72d65795730ce07b6,0x56072c95faa701256059aa122697b133aded9279,SKY,330000,transfer,protocol-outflow,new,0xbe8e3e3618f7474f8cb1d074a26affef007e98fb,MCD_PAUSE_PROXY,,0xb6c09680d822f162449cdfb8248a7d3fc26ec9bf,,
2025-11-03,0x2d6e84b14e37b05ec6b448226b3fd7724fc1f8dd8345a24edc1c3845a33abc89,77,0xa1d35e93d5bfaf300e0327d73143529f19b3da78,0x56072c95faa701256059aa122697b133aded9279,SKY,38888888.888888888888888888,transfer,plumbing,new,0xbe8e3e3618f7474f8cb1d074a26affef007e98fb,MCD_PAUSE_PROXY,,0x675671a8756ddb69f7254afb030865388ef699ee,REWARDS_DIST_LSSKY_SKY,
2025-11-03,0x2d6e84b14e37b05ec6b448226b3fd7724fc1f8dd8345a24edc1c3845a33abc89,79,0xa1d35e93d5bfaf300e0327d73143529f19b3da78,0x56072c95faa701256059aa122697b133aded9279,SKY,38888888.888888888888888888,transfer,plumbing,new,0x675671a8756ddb69f7254afb030865388ef699ee,REWARDS_DIST_LSSKY_SKY,,0xb44c2fb4181d7cb06bdff34a46fdfe4a259b40fc,REWARDS_LSSKY_SKY,
2025-11-03,0x2d6e84b14e37b05ec6b448226b3fd7724fc1f8dd8345a24edc1c3845a33abc89,96,0xa1d35e93d5bfaf300e0327d73143529f19b3da78,0x6b175474e89094c44da98b954eedeac495271d0f,DAI,3876387,mint,plumbing,new,0x0000000000000000000000000000000000000000,,,0xbe8e3e3618f7474f8cb1d074a26affef007e98fb,MCD_PAUSE_PROXY,
2025-11-03,0x2d6e84b14e37b05ec6b448226b3fd7724fc1f8dd8345a24edc1c3845a33abc89,99,0xa1d35e93d5bfaf300e0327d73143529f19b3da78,0x6b175474e89094c44da98b954eedeac495271d0f,DAI,3876387,transfer,plumbing,new,0xbe8e3e3618f7474f8cb1d074a26affef007e98fb,MCD_PAUSE_PROXY,,0x3225737a9bbb6473cb4a45b7244aca2befdb276a,DAI_USDS,
2025-11-03,0x2d6e84b14e37b05ec6b448226b3fd7724fc1f8dd8345a24edc1c3845a33abc89,101,0xa1d35e93d5bfaf300e0327d73143529f19b3da78,0x6b175474e89094c44da98b954eedeac495271d0f,DAI,3876387,burn,plumbing,new,0x3225737a9bbb6473cb4a45b7244aca2befdb276a,DAI_USDS,,0x0000000000000000000000000000000000000000,,
2025-11-03,0x2d6e84b14e37b05ec6b448226b3fd7724fc1f8dd8345a24edc1c3845a33abc89,104,0xa1d35e93d5bfaf300e0327d73143529f19b3da78,0xdc035d45d973e3ec169d2276ddab16f1e407384f,USDS,3876387,mint,plumbing,new,0x0000000000000000000000000000000000000000,,,0x210cfcf53d1f9648c1c4dcaee677f0cb06914364,Core Council Buffer,
2025-11-03,0x2d6e84b14e37b05ec6b448226b3fd7724fc1f8dd8345a24edc1c3845a33abc89,109,0xa1d35e93d5bfaf300e0327d73143529f19b3da78,0x6b175474e89094c44da98b954eedeac495271d0f,DAI,193820,mint,plumbing,new,0x0000000000000000000000000000000000000000,,,0xbe8e3e3618f7474f8cb1d074a26affef007e98fb,MCD_PAUSE_PROXY,
2025-11-03,0x2d6e84b14e37b05ec6b448226b3fd7724fc1f8dd8345a24edc1c3845a33abc89,112,0xa1d35e93d5bfaf300e0327d73143529f19b3da78,0x6b175474e89094c44da98b954eedeac495271d0f,DAI,193820,transfer,plumbing,new,0xbe8e3e3618f7474f8cb1d074a26affef007e98fb,MCD_PAUSE_PROXY,,0x3225737a9bbb6473cb4a45b7244aca2befdb276a,DAI_USDS,
2025-11-03,0x2d6e84b14e37b05ec6b448226b3fd7724fc1f8dd8345a24edc1c3845a33abc89,114,0xa1d35e93d5bfaf300e0327d73143529f19b3da78,0x6b175474e89094c44da98b954eedeac495271d0f,DAI,193820,burn,plumbing,new,0x3225737a9bbb6473cb4a45b7244aca2befdb276a,DAI_USDS,,0x0000000000000000000000000000000000000000,,
2025-11-03,0x2d6e84b14e37b05ec6b448226b3fd7724fc1f8dd8345a24edc1c3845a33abc89,117,0xa1d35e93d5bfaf300e0327d73143529f19b3da78,0xdc035d45d973e3ec169d2276ddab16f1e407384f,USDS,193820,mint,protocol-outflow,new,0x0000000000000000000000000000000000000000,,,0x37fc5d447c8c54326c62b697f674c93ead2a93a3,,
2025-11-03,0x2d6e84b14e37b05ec6b448226b3fd7724fc1f8dd8345a24edc1c3845a33abc89,122,0xa1d35e93d5bfaf300e0327d73143529f19b3da78,0x6b175474e89094c44da98b954eedeac495271d0f,DAI,1000000,mint,plumbing,new,0x0000000000000000000000000000000000000000,,,0xbe8e3e3618f7474f8cb1d074a26affef007e98fb,MCD_PAUSE_PROXY,
2025-11-03,0x2d6e84b14e37b05ec6b448226b3fd7724fc1f8dd8345a24edc1c3845a33abc89,125,0xa1d35e93d5bfaf300e0327d73143529f19b3da78,0x6b175474e89094c44da98b954eedeac495271d0f,DAI,1000000,transfer,plumbing,new,0xbe8e3e3618f7474f8cb1d074a26affef007e98fb,MCD_PAUSE_PROXY,,0x3225737a9bbb6473cb4a45b7244aca2befdb276a,DAI_USDS,
2025-11-03,0x2d6e84b14e37b05ec6b448226b3fd7724fc1f8dd8345a24edc1c3845a33abc89,127,0xa1d35e93d5bfaf300e0327d73143529f19b3da78,0x6b175474e89094c44da98b954eedeac495271d0f,DAI,1000000,burn,plumbing,new,0x3225737a9bbb6473cb4a45b7244aca2befdb276a,DAI_USDS,,0x0000000000000000000000000000000000000000,,
2025-11-03,0x2d6e84b14e37b05ec6b448226b3fd7724fc1f8dd8345a24edc1c3845a33abc89,130,0xa1d35e93d5bfaf300e0327d73143529f19b3da78,0xdc035d45d973e3ec169d2276ddab16f1e407384f,USDS,1000000,mint,protocol-outflow,new,0x0000000000000000000000000000000000000000,,,0xd6891d1dffda6b0b1af3524018a1ee2e608785f7,,
2025-11-03,0x2d6e84b14e37b05ec6b448226b3fd7724fc1f8dd8345a24edc1c3845a33abc89,151,0xa1d35e93d5bfaf300e0327d73143529f19b3da78,0x4dedf26112b3ec8ec46e7e31ea5e123490b05b8b,spDAI,121247.561193424040461456,mint,protocol-outflow,new,0x0000000000000000000000000000000000000000,,,0x856900aa78e856a5df1a2665ee3a66b2487cd68f,,
2025-11-03,0x2d6e84b14e37b05ec6b448226b3fd7724fc1f8dd8345a24edc1c3845a33abc89,154,0xa1d35e93d5bfaf300e0327d73143529f19b3da78,0xc02ab1a5eaa8d1b114ef786d9bde108cd4364359,spUSDS,63829.739191820676659898,mint,protocol-outflow,new,0x0000000000000000000000000000000000000000,,,0xb137e7d16564c81ae2b0c8ee6b55de81dd46ece5,,
2025-11-03,0x2d6e84b14e37b05ec6b448226b3fd7724fc1f8dd8345a24edc1c3845a33abc89,157,0xa1d35e93d5bfaf300e0327d73143529f19b3da78,0x4dedf26112b3ec8ec46e7e31ea5e123490b05b8b,spDAI,5543.095960607964238551,mint,protocol-outflow,new,0x0000000000000000000000000000000000000000,,,0x1601843c5e9bc251a3272907010afa41fa18347e,,
2025-11-03,0x2d6e84b14e37b05ec6b448226b3fd7724fc1f8dd8345a24edc1c3845a33abc89,159,0xa1d35e93d5bfaf300e0327d73143529f19b3da78,0x4dedf26112b3ec8ec46e7e31ea5e123490b05b8b,spDAI,121247.561193424040461456,transfer,unclassified,new,0x856900aa78e856a5df1a2665ee3a66b2487cd68f,,,0x1601843c5e9bc251a3272907010afa41fa18347e,,
2025-11-03,0x2d6e84b14e37b05ec6b448226b3fd7724fc1f8dd8345a24edc1c3845a33abc89,161,0xa1d35e93d5bfaf300e0327d73143529f19b3da78,0xc02ab1a5eaa8d1b114ef786d9bde108cd4364359,spUSDS,5401.935540613605589054,mint,protocol-outflow,new,0x0000000000000000000000000000000000000000,,,0x1601843c5e9bc251a3272907010afa41fa18347e,,
2025-11-03,0x2d6e84b14e37b05ec6b448226b3fd7724fc1f8dd8345a24edc1c3845a33abc89,163,0xa1d35e93d5bfaf300e0327d73143529f19b3da78,0xc02ab1a5eaa8d1b114ef786d9bde108cd4364359,spUSDS,63829.739191820676659898,transfer,unclassified,new,0xb137e7d16564c81ae2b0c8ee6b55de81dd46ece5,,,0x1601843c5e9bc251a3272907010afa41fa18347e,,
2025-11-03,0x2d6e84b14e37b05ec6b448226b3fd7724fc1f8dd8345a24edc1c3845a33abc89,171,0xa1d35e93d5bfaf300e0327d73143529f19b3da78,0xdc035d45d973e3ec169d2276ddab16f1e407384f,USDS,150042,transfer,prime-outflow,new,0x3300f198988e4c9c63f75df86de36421f06af8c4,SPARK_SUBPROXY,SPARK,0x464c71f6c2f760dda6093dcb91c24c39e5d6e18c,,
2025-11-03,0x2d6e84b14e37b05ec6b448226b3fd7724fc1f8dd8345a24edc1c3845a33abc89,172,0xa1d35e93d5bfaf300e0327d73143529f19b3da78,0xdc035d45d973e3ec169d2276ddab16f1e407384f,USDS,1100000,transfer,prime-outflow,new,0x3300f198988e4c9c63f75df86de36421f06af8c4,SPARK_SUBPROXY,SPARK,0x92e4629a4510af5819d7d1601464c233599ff5ec,,
2025-11-17,0x865f7bbd3976013411cb77c68822b362f50ea114c798257c1a041352e6ffc518,200,0xed3de16bdf69f697fecf1b4103b9f48d71bddf20,0x6b175474e89094c44da98b954eedeac495271d0f,DAI,21000000,mint,plumbing,new,0x0000000000000000000000000000000000000000,,,0xbe8e3e3618f7474f8cb1d074a26affef007e98fb,MCD_PAUSE_PROXY,
2025-11-17,0x865f7bbd3976013411cb77c68822b362f50ea114c798257c1a041352e6ffc518,203,0xed3de16bdf69f697fecf1b4103b9f48d71bddf20,0x6b175474e89094c44da98b954eedeac495271d0f,DAI,21000000,transfer,plumbing,new,0xbe8e3e3618f7474f8cb1d074a26affef007e98fb,MCD_PAUSE_PROXY,,0x3225737a9bbb6473cb4a45b7244aca2befdb276a,DAI_USDS,
2025-11-17,0x865f7bbd3976013411cb77c68822b362f50ea114c798257c1a041352e6ffc518,205,0xed3de16bdf69f697fecf1b4103b9f48d71bddf20,0x6b175474e89094c44da98b954eedeac495271d0f,DAI,21000000,burn,plumbing,new,0x3225737a9bbb6473cb4a45b7244aca2befdb276a,DAI_USDS,,0x0000000000000000000000000000000000000000,,
2025-11-17,0x865f7bbd3976013411cb77c68822b362f50ea114c798257c1a041352e6ffc518,208,0xed3de16bdf69f697fecf1b4103b9f48d71bddf20,0xdc035d45d973e3ec169d2276ddab16f1e407384f,USDS,21000000,mint,capital-transfer,payments.csv,0x0000000000000000000000000000000000000000,,,0x8be042581f581e3620e29f213ea8b94afa1c8071,OBEX_SUBPROXY,OBEX
2025-11-18,0x394b936042b15b41701bae8226432cf39b023ead75ceb5acde9c30e5199af30d,283,0x2140f15f957fcb0b101cd3957217174c3e4d6bf9,0xdc035d45d973e3ec169d2276ddab16f1e407384f,USDS,53057177.548266,transfer,protocol-inflow,new,0x7d4958454a3f520bda8be764d06591b054b0bf33,,,0x1e1d42781fc170ef9da004fb735f56f0276d01b8,USDS_OFT,
2025-12-01,0xf47ca40e8d13ccaeb616da11e1c627c3251c42be2d1779abd2c1888597e3d745,91,0xa57d885d8fb034455aadb8c3f3d5414c214cbe3d,0x6b175474e89094c44da98b954eedeac495271d0f,DAI,4642240,mint,plumbing,new,0x0000000000000000000000000000000000000000,,,0xbe8e3e3618f7474f8cb1d074a26affef007e98fb,MCD_PAUSE_PROXY,
2025-12-01,0xf47ca40e8d13ccaeb616da11e1c627c3251c42be2d1779abd2c1888597e3d745,94,0xa57d885d8fb034455aadb8c3f3d5414c214cbe3d,0x6b175474e89094c44da98b954eedeac495271d0f,DAI,4642240,transfer,plumbing,new,0xbe8e3e3618f7474f8cb1d074a26affef007e98fb,MCD_PAUSE_PROXY,,0x3225737a9bbb6473cb4a45b7244aca2befdb276a,DAI_USDS,
2025-12-01,0xf47ca40e8d13ccaeb616da11e1c627c3251c42be2d1779abd2c1888597e3d745,96,0xa57d885d8fb034455aadb8c3f3d5414c214cbe3d,0x6b175474e89094c44da98b954eedeac495271d0f,DAI,4642240,burn,plumbing,new,0x3225737a9bbb6473cb4a45b7244aca2befdb276a,DAI_USDS,,0x0000000000000000000000000000000000000000,,
2025-12-01,0xf47ca40e8d13ccaeb616da11e1c627c3251c42be2d1779abd2c1888597e3d745,99,0xa57d885d8fb034455aadb8c3f3d5414c214cbe3d,0xdc035d45d973e3ec169d2276ddab16f1e407384f,USDS,4642240,mint,msc-payment,payments.csv,0x0000000000000000000000000000000000000000,,,0x3300f198988e4c9c63f75df86de36421f06af8c4,SPARK_SUBPROXY,SPARK
2025-12-01,0xf47ca40e8d13ccaeb616da11e1c627c3251c42be2d1779abd2c1888597e3d745,108,0xa57d885d8fb034455aadb8c3f3d5414c214cbe3d,0x6b175474e89094c44da98b954eedeac495271d0f,DAI,3177413,mint,plumbing,new,0x0000000000000000000000000000000000000000,,,0xbe8e3e3618f7474f8cb1d074a26affef007e98fb,MCD_PAUSE_PROXY,
2025-12-01,0xf47ca40e8d13ccaeb616da11e1c627c3251c42be2d1779abd2c1888597e3d745,111,0xa57d885d8fb034455aadb8c3f3d5414c214cbe3d,0x6b175474e89094c44da98b954eedeac495271d0f,DAI,3177413,transfer,plumbing,new,0xbe8e3e3618f7474f8cb1d074a26affef007e98fb,MCD_PAUSE_PROXY,,0x3225737a9bbb6473cb4a45b7244aca2befdb276a,DAI_USDS,
2025-12-01,0xf47ca40e8d13ccaeb616da11e1c627c3251c42be2d1779abd2c1888597e3d745,113,0xa57d885d8fb034455aadb8c3f3d5414c214cbe3d,0x6b175474e89094c44da98b954eedeac495271d0f,DAI,3177413,burn,plumbing,new,0x3225737a9bbb6473cb4a45b7244aca2befdb276a,DAI_USDS,,0x0000000000000000000000000000000000000000,,
2025-12-01,0xf47ca40e8d13ccaeb616da11e1c627c3251c42be2d1779abd2c1888597e3d745,116,0xa57d885d8fb034455aadb8c3f3d5414c214cbe3d,0xdc035d45d973e3ec169d2276ddab16f1e407384f,USDS,3177413,mint,plumbing,new,0x0000000000000000000000000000000000000000,,,0x210cfcf53d1f9648c1c4dcaee677f0cb06914364,Core Council Buffer,
2025-12-01,0xf47ca40e8d13ccaeb616da11e1c627c3251c42be2d1779abd2c1888597e3d745,121,0xa57d885d8fb034455aadb8c3f3d5414c214cbe3d,0x6b175474e89094c44da98b954eedeac495271d0f,DAI,158871,mint,plumbing,new,0x0000000000000000000000000000000000000000,,,0xbe8e3e3618f7474f8cb1d074a26affef007e98fb,MCD_PAUSE_PROXY,
2025-12-01,0xf47ca40e8d13ccaeb616da11e1c627c3251c42be2d1779abd2c1888597e3d745,124,0xa57d885d8fb034455aadb8c3f3d5414c214cbe3d,0x6b175474e89094c44da98b954eedeac495271d0f,DAI,158871,transfer,plumbing,new,0xbe8e3e3618f7474f8cb1d074a26affef007e98fb,MCD_PAUSE_PROXY,,0x3225737a9bbb6473cb4a45b7244aca2befdb276a,DAI_USDS,
2025-12-01,0xf47ca40e8d13ccaeb616da11e1c627c3251c42be2d1779abd2c1888597e3d745,126,0xa57d885d8fb034455aadb8c3f3d5414c214cbe3d,0x6b175474e89094c44da98b954eedeac495271d0f,DAI,158871,burn,plumbing,new,0x3225737a9bbb6473cb4a45b7244aca2befdb276a,DAI_USDS,,0x0000000000000000000000000000000000000000,,
2025-12-01,0xf47ca40e8d13ccaeb616da11e1c627c3251c42be2d1779abd2c1888597e3d745,129,0xa57d885d8fb034455aadb8c3f3d5414c214cbe3d,0xdc035d45d973e3ec169d2276ddab16f1e407384f,USDS,158871,mint,protocol-outflow,new,0x0000000000000000000000000000000000000000,,,0x37fc5d447c8c54326c62b697f674c93ead2a93a3,,
2025-12-01,0xf47ca40e8d13ccaeb616da11e1c627c3251c42be2d1779abd2c1888597e3d745,134,0xa57d885d8fb034455aadb8c3f3d5414c214cbe3d,0x6b175474e89094c44da98b954eedeac495271d0f,DAI,4000,mint,plumbing,new,0x0000000000000000000000000000000000000000,,,0xbe8e3e3618f7474f8cb1d074a26affef007e98fb,MCD_PAUSE_PROXY,
2025-12-01,0xf47ca40e8d13ccaeb616da11e1c627c3251c42be2d1779abd2c1888597e3d745,137,0xa57d885d8fb034455aadb8c3f3d5414c214cbe3d,0x6b175474e89094c44da98b954eedeac495271d0f,DAI,4000,transfer,plumbing,new,0xbe8e3e3618f7474f8cb1d074a26affef007e98fb,MCD_PAUSE_PROXY,,0x3225737a9bbb6473cb4a45b7244aca2befdb276a,DAI_USDS,
2025-12-01,0xf47ca40e8d13ccaeb616da11e1c627c3251c42be2d1779abd2c1888597e3d745,139,0xa57d885d8fb034455aadb8c3f3d5414c214cbe3d,0x6b175474e89094c44da98b954eedeac495271d0f,DAI,4000,burn,plumbing,new,0x3225737a9bbb6473cb4a45b7244aca2befdb276a,DAI_USDS,,0x0000000000000000000000000000000000000000,,
2025-12-01,0xf47ca40e8d13ccaeb616da11e1c627c3251c42be2d1779abd2c1888597e3d745,142,0xa57d885d8fb034455aadb8c3f3d5414c214cbe3d,0xdc035d45d973e3ec169d2276ddab16f1e407384f,USDS,4000,mint,protocol-outflow,new,0x0000000000000000000000000000000000000000,,,0x78c180cf113fe4845c325f44648b6567bc79d6e0,,
2025-12-01,0xf47ca40e8d13ccaeb616da11e1c627c3251c42be2d1779abd2c1888597e3d745,147,0xa57d885d8fb034455aadb8c3f3d5414c214cbe3d,0x6b175474e89094c44da98b954eedeac495271d0f,DAI,4000,mint,plumbing,new,0x0000000000000000000000000000000000000000,,,0xbe8e3e3618f7474f8cb1d074a26affef007e98fb,MCD_PAUSE_PROXY,
2025-12-01,0xf47ca40e8d13ccaeb616da11e1c627c3251c42be2d1779abd2c1888597e3d745,150,0xa57d885d8fb034455aadb8c3f3d5414c214cbe3d,0x6b175474e89094c44da98b954eedeac495271d0f,DAI,4000,transfer,plumbing,new,0xbe8e3e3618f7474f8cb1d074a26affef007e98fb,MCD_PAUSE_PROXY,,0x3225737a9bbb6473cb4a45b7244aca2befdb276a,DAI_USDS,
2025-12-01,0xf47ca40e8d13ccaeb616da11e1c627c3251c42be2d1779abd2c1888597e3d745,152,0xa57d885d8fb034455aadb8c3f3d5414c214cbe3d,0x6b175474e89094c44da98b954eedeac495271d0f,DAI,4000,burn,plumbing,new,0x3225737a9bbb6473cb4a45b7244aca2befdb276a,DAI_USDS,,0x0000000000000000000000000000000000000000,,
2025-12-01,0xf47ca40e8d13ccaeb616da11e1c627c3251c42be2d1779abd2c1888597e3d745,155,0xa57d885d8fb034455aadb8c3f3d5414c214cbe3d,0xdc035d45d973e3ec169d2276ddab16f1e407384f,USDS,4000,mint,protocol-outflow,new,0x0000000000000000000000000000000000000000,,,0xb6c09680d822f162449cdfb8248a7d3fc26ec9bf,,
2025-12-01,0xf47ca40e8d13ccaeb616da11e1c627c3251c42be2d1779abd2c1888597e3d745,160,0xa57d885d8fb034455aadb8c3f3d5414c214cbe3d,0x6b175474e89094c44da98b954eedeac495271d0f,DAI,4000,mint,plumbing,new,0x0000000000000000000000000000000000000000,,,0xbe8e3e3618f7474f8cb1d074a26affef007e98fb,MCD_PAUSE_PROXY,
2025-12-01,0xf47ca40e8d13ccaeb616da11e1c627c3251c42be2d1779abd2c1888597e3d745,163,0xa57d885d8fb034455aadb8c3f3d5414c214cbe3d,0x6b175474e89094c44da98b954eedeac495271d0f,DAI,4000,transfer,plumbing,new,0xbe8e3e3618f7474f8cb1d074a26affef007e98fb,MCD_PAUSE_PROXY,,0x3225737a9bbb6473cb4a45b7244aca2befdb276a,DAI_USDS,
2025-12-01,0xf47ca40e8d13ccaeb616da11e1c627c3251c42be2d1779abd2c1888597e3d745,165,0xa57d885d8fb034455aadb8c3f3d5414c214cbe3d,0x6b175474e89094c44da98b954eedeac495271d0f,DAI,4000,burn,plumbing,new,0x3225737a9bbb6473cb4a45b7244aca2befdb276a,DAI_USDS,,0x0000000000000000000000000000000000000000,,
2025-12-01,0xf47ca40e8d13ccaeb616da11e1c627c3251c42be2d1779abd2c1888597e3d745,168,0xa57d885d8fb034455aadb8c3f3d5414c214cbe3d,0xdc035d45d973e3ec169d2276ddab16f1e407384f,USDS,4000,mint,protocol-outflow,new,0x0000000000000000000000000000000000000000,,,0x167c1a762b08d7e78dbf8f24e5c3f1ab415021d3,,
2025-12-01,0xf47ca40e8d13ccaeb616da11e1c627c3251c42be2d1779abd2c1888597e3d745,173,0xa57d885d8fb034455aadb8c3f3d5414c214cbe3d,0x6b175474e89094c44da98b954eedeac495271d0f,DAI,4000,mint,plumbing,new,0x0000000000000000000000000000000000000000,,,0xbe8e3e3618f7474f8cb1d074a26affef007e98fb,MCD_PAUSE_PROXY,
2025-12-01,0xf47ca40e8d13ccaeb616da11e1c627c3251c42be2d1779abd2c1888597e3d745,176,0xa57d885d8fb034455aadb8c3f3d5414c214cbe3d,0x6b175474e89094c44da98b954eedeac495271d0f,DAI,4000,transfer,plumbing,new,0xbe8e3e3618f7474f8cb1d074a26affef007e98fb,MCD_PAUSE_PROXY,,0x3225737a9bbb6473cb4a45b7244aca2befdb276a,DAI_USDS,
2025-12-01,0xf47ca40e8d13ccaeb616da11e1c627c3251c42be2d1779abd2c1888597e3d745,178,0xa57d885d8fb034455aadb8c3f3d5414c214cbe3d,0x6b175474e89094c44da98b954eedeac495271d0f,DAI,4000,burn,plumbing,new,0x3225737a9bbb6473cb4a45b7244aca2befdb276a,DAI_USDS,,0x0000000000000000000000000000000000000000,,
2025-12-01,0xf47ca40e8d13ccaeb616da11e1c627c3251c42be2d1779abd2c1888597e3d745,181,0xa57d885d8fb034455aadb8c3f3d5414c214cbe3d,0xdc035d45d973e3ec169d2276ddab16f1e407384f,USDS,4000,mint,protocol-outflow,new,0x0000000000000000000000000000000000000000,,,0x9244f47d70587fa2329b89b6f503022b63ad54a5,,
2025-12-01,0xf47ca40e8d13ccaeb616da11e1c627c3251c42be2d1779abd2c1888597e3d745,186,0xa57d885d8fb034455aadb8c3f3d5414c214cbe3d,0x6b175474e89094c44da98b954eedeac495271d0f,DAI,3783,mint,plumbing,new,0x0000000000000000000000000000000000000000,,,0xbe8e3e3618f7474f8cb1d074a26affef007e98fb,MCD_PAUSE_PROXY,
2025-12-01,0xf47ca40e8d13ccaeb616da11e1c627c3251c42be2d1779abd2c1888597e3d745,189,0xa57d885d8fb034455aadb8c3f3d5414c214cbe3d,0x6b175474e89094c44da98b954eedeac495271d0f,DAI,3783,transfer,plumbing,new,0xbe8e3e3618f7474f8cb1d074a26affef007e98fb,MCD_PAUSE_PROXY,,0x3225737a9bbb6473cb4a45b7244aca2befdb276a,DAI_USDS,
2025-12-01,0xf47ca40e8d13ccaeb616da11e1c627c3251c42be2d1779abd2c1888597e3d745,191,0xa57d885d8fb034455aadb8c3f3d5414c214cbe3d,0x6b175474e89094c44da98b954eedeac495271d0f,DAI,3783,burn,plumbing,new,0x3225737a9bbb6473cb4a45b7244aca2befdb276a,DAI_USDS,,0x0000000000000000000000000000000000000000,,
2025-12-01,0xf47ca40e8d13ccaeb616da11e1c627c3251c42be2d1779abd2c1888597e3d745,194,0xa57d885d8fb034455aadb8c3f3d5414c214cbe3d,0xdc035d45d973e3ec169d2276ddab16f1e407384f,USDS,3783,mint,protocol-outflow,new,0x0000000000000000000000000000000000000000,,,0x05c73ae49ff0ec654496bf4008d73274a919cb5c,,
2025-12-01,0xf47ca40e8d13ccaeb616da11e1c627c3251c42be2d1779abd2c1888597e3d745,199,0xa57d885d8fb034455aadb8c3f3d5414c214cbe3d,0x6b175474e89094c44da98b954eedeac495271d0f,DAI,3696,mint,plumbing,new,0x0000000000000000000000000000000000000000,,,0xbe8e3e3618f7474f8cb1d074a26affef007e98fb,MCD_PAUSE_PROXY,
2025-12-01,0xf47ca40e8d13ccaeb616da11e1c627c3251c42be2d1779abd2c1888597e3d745,202,0xa57d885d8fb034455aadb8c3f3d5414c214cbe3d,0x6b175474e89094c44da98b954eedeac495271d0f,DAI,3696,transfer,plumbing,new,0xbe8e3e3618f7474f8cb1d074a26affef007e98fb,MCD_PAUSE_PROXY,,0x3225737a9bbb6473cb4a45b7244aca2befdb276a,DAI_USDS,
2025-12-01,0xf47ca40e8d13ccaeb616da11e1c627c3251c42be2d1779abd2c1888597e3d745,204,0xa57d885d8fb034455aadb8c3f3d5414c214cbe3d,0x6b175474e89094c44da98b954eedeac495271d0f,DAI,3696,burn,plumbing,new,0x3225737a9bbb6473cb4a45b7244aca2befdb276a,DAI_USDS,,0x0000000000000000000000000000000000000000,,
2025-12-01,0xf47ca40e8d13ccaeb616da11e1c627c3251c42be2d1779abd2c1888597e3d745,207,0xa57d885d8fb034455aadb8c3f3d5414c214cbe3d,0xdc035d45d973e3ec169d2276ddab16f1e407384f,USDS,3696,mint,protocol-outflow,new,0x0000000000000000000000000000000000000000,,,0xb2b86a130b1ec101e4aed9a88502e08995760307,,
2025-12-01,0xf47ca40e8d13ccaeb616da11e1c627c3251c42be2d1779abd2c1888597e3d745,212,0xa57d885d8fb034455aadb8c3f3d5414c214cbe3d,0x6b175474e89094c44da98b954eedeac495271d0f,DAI,50167,mint,plumbing,new,0x0000000000000000000000000000000000000000,,,0xbe8e3e3618f7474f8cb1d074a26affef007e98fb,MCD_PAUSE_PROXY,
2025-12-01,0xf47ca40e8d13ccaeb616da11e1c627c3251c42be2d1779abd2c1888597e3d745,215,0xa57d885d8fb034455aadb8c3f3d5414c214cbe3d,0x6b175474e89094c44da98b954eedeac495271d0f,DAI,50167,transfer,plumbing,new,0xbe8e3e3618f7474f8cb1d074a26affef007e98fb,MCD_PAUSE_PROXY,,0x3225737a9bbb6473cb4a45b7244aca2befdb276a,DAI_USDS,
2025-12-01,0xf47ca40e8d13ccaeb616da11e1c627c3251c42be2d1779abd2c1888597e3d745,217,0xa57d885d8fb034455aadb8c3f3d5414c214cbe3d,0x6b175474e89094c44da98b954eedeac495271d0f,DAI,50167,burn,plumbing,new,0x3225737a9bbb6473cb4a45b7244aca2befdb276a,DAI_USDS,,0x0000000000000000000000000000000000000000,,
2025-12-01,0xf47ca40e8d13ccaeb616da11e1c627c3251c42be2d1779abd2c1888597e3d745,220,0xa57d885d8fb034455aadb8c3f3d5414c214cbe3d,0xdc035d45d973e3ec169d2276ddab16f1e407384f,USDS,50167,mint,protocol-outflow,new,0x0000000000000000000000000000000000000000,,,0xb6c09680d822f162449cdfb8248a7d3fc26ec9bf,,
2025-12-01,0xf47ca40e8d13ccaeb616da11e1c627c3251c42be2d1779abd2c1888597e3d745,225,0xa57d885d8fb034455aadb8c3f3d5414c214cbe3d,0x6b175474e89094c44da98b954eedeac495271d0f,DAI,16417,mint,plumbing,new,0x0000000000000000000000000000000000000000,,,0xbe8e3e3618f7474f8cb1d074a26affef007e98fb,MCD_PAUSE_PROXY,
2025-12-01,0xf47ca40e8d13ccaeb616da11e1c627c3251c42be2d1779abd2c1888597e3d745,228,0xa57d885d8fb034455aadb8c3f3d5414c214cbe3d,0x6b175474e89094c44da98b954eedeac495271d0f,DAI,16417,transfer,plumbing,new,0xbe8e3e3618f7474f8cb1d074a26affef007e98fb,MCD_PAUSE_PROXY,,0x3225737a9bbb6473cb4a45b7244aca2befdb276a,DAI_USDS,
2025-12-01,0xf47ca40e8d13ccaeb616da11e1c627c3251c42be2d1779abd2c1888597e3d745,230,0xa57d885d8fb034455aadb8c3f3d5414c214cbe3d,0x6b175474e89094c44da98b954eedeac495271d0f,DAI,16417,burn,plumbing,new,0x3225737a9bbb6473cb4a45b7244aca2befdb276a,DAI_USDS,,0x0000000000000000000000000000000000000000,,
2025-12-01,0xf47ca40e8d13ccaeb616da11e1c627c3251c42be2d1779abd2c1888597e3d745,233,0xa57d885d8fb034455aadb8c3f3d5414c214cbe3d,0xdc035d45d973e3ec169d2276ddab16f1e407384f,USDS,16417,mint,protocol-outflow,new,0x0000000000000000000000000000000000000000,,,0x9244f47d70587fa2329b89b6f503022b63ad54a5,,
2025-12-01,0xf47ca40e8d13ccaeb616da11e1c627c3251c42be2d1779abd2c1888597e3d745,236,0xa57d885d8fb034455aadb8c3f3d5414c214cbe3d,0x56072c95faa701256059aa122697b133aded9279,SKY,330000,transfer,protocol-outflow,new,0xbe8e3e3618f7474f8cb1d074a26affef007e98fb,MCD_PAUSE_PROXY,,0xb6c09680d822f162449cdfb8248a7d3fc26ec9bf,,
2025-12-01,0xf47ca40e8d13ccaeb616da11e1c627c3251c42be2d1779abd2c1888597e3d745,237,0xa57d885d8fb034455aadb8c3f3d5414c214cbe3d,0x56072c95faa701256059aa122697b133aded9279,SKY,288000,transfer,protocol-outflow,new,0xbe8e3e3618f7474f8cb1d074a26affef007e98fb,MCD_PAUSE_PROXY,,0x9244f47d70587fa2329b89b6f503022b63ad54a5,,
2025-12-01,0xf47ca40e8d13ccaeb616da11e1c627c3251c42be2d1779abd2c1888597e3d745,240,0xa57d885d8fb034455aadb8c3f3d5414c214cbe3d,0x6b175474e89094c44da98b954eedeac495271d0f,DAI,1806670,mint,plumbing,new,0x0000000000000000000000000000000000000000,,,0xbe8e3e3618f7474f8cb1d074a26affef007e98fb,MCD_PAUSE_PROXY,
2025-12-01,0xf47ca40e8d13ccaeb616da11e1c627c3251c42be2d1779abd2c1888597e3d745,243,0xa57d885d8fb034455aadb8c3f3d5414c214cbe3d,0x6b175474e89094c44da98b954eedeac495271d0f,DAI,1806670,transfer,plumbing,new,0xbe8e3e3618f7474f8cb1d074a26affef007e98fb,MCD_PAUSE_PROXY,,0x3225737a9bbb6473cb4a45b7244aca2befdb276a,DAI_USDS,
2025-12-01,0xf47ca40e8d13ccaeb616da11e1c627c3251c42be2d1779abd2c1888597e3d745,245,0xa57d885d8fb034455aadb8c3f3d5414c214cbe3d,0x6b175474e89094c44da98b954eedeac495271d0f,DAI,1806670,burn,plumbing,new,0x3225737a9bbb6473cb4a45b7244aca2befdb276a,DAI_USDS,,0x0000000000000000000000000000000000000000,,
2025-12-01,0xf47ca40e8d13ccaeb616da11e1c627c3251c42be2d1779abd2c1888597e3d745,248,0xa57d885d8fb034455aadb8c3f3d5414c214cbe3d,0xdc035d45d973e3ec169d2276ddab16f1e407384f,USDS,1806670,mint,protocol-outflow,new,0x0000000000000000000000000000000000000000,,,0x849d52316331967b6ff1198e5e32a0eb168d039d,,
2025-12-15,0x0e371cc8b68be74acd5a8dcbf39c50a1879248278bbc9dc2e33b2413d6ad601f,230,0x0d2bda9a446527238e802708b370dd66f375e4d1,0x6b175474e89094c44da98b954eedeac495271d0f,DAI,20000000,mint,plumbing,new,0x0000000000000000000000000000000000000000,,,0xbe8e3e3618f7474f8cb1d074a26affef007e98fb,MCD_PAUSE_PROXY,
2025-12-15,0x0e371cc8b68be74acd5a8dcbf39c50a1879248278bbc9dc2e33b2413d6ad601f,233,0x0d2bda9a446527238e802708b370dd66f375e4d1,0x6b175474e89094c44da98b954eedeac495271d0f,DAI,20000000,transfer,plumbing,new,0xbe8e3e3618f7474f8cb1d074a26affef007e98fb,MCD_PAUSE_PROXY,,0x3225737a9bbb6473cb4a45b7244aca2befdb276a,DAI_USDS,
2025-12-15,0x0e371cc8b68be74acd5a8dcbf39c50a1879248278bbc9dc2e33b2413d6ad601f,235,0x0d2bda9a446527238e802708b370dd66f375e4d1,0x6b175474e89094c44da98b954eedeac495271d0f,DAI,20000000,burn,plumbing,new,0x3225737a9bbb6473cb4a45b7244aca2befdb276a,DAI_USDS,,0x0000000000000000000000000000000000000000,,
2025-12-15,0x0e371cc8b68be74acd5a8dcbf39c50a1879248278bbc9dc2e33b2413d6ad601f,238,0x0d2bda9a446527238e802708b370dd66f375e4d1,0xdc035d45d973e3ec169d2276ddab16f1e407384f,USDS,20000000,mint,capital-transfer,payments.csv,0x0000000000000000000000000000000000000000,,,0x64a2b7cfa832fe83be6a7c1a67521b350519b9c1,CCEA1_SUBPROXY,CCEA1
2025-12-15,0x0e371cc8b68be74acd5a8dcbf39c50a1879248278bbc9dc2e33b2413d6ad601f,243,0x0d2bda9a446527238e802708b370dd66f375e4d1,0x6b175474e89094c44da98b954eedeac495271d0f,DAI,5000000,mint,plumbing,new,0x0000000000000000000000000000000000000000,,,0xbe8e3e3618f7474f8cb1d074a26affef007e98fb,MCD_PAUSE_PROXY,
2025-12-15,0x0e371cc8b68be74acd5a8dcbf39c50a1879248278bbc9dc2e33b2413d6ad601f,246,0x0d2bda9a446527238e802708b370dd66f375e4d1,0x6b175474e89094c44da98b954eedeac495271d0f,DAI,5000000,transfer,plumbing,new,0xbe8e3e3618f7474f8cb1d074a26affef007e98fb,MCD_PAUSE_PROXY,,0x3225737a9bbb6473cb4a45b7244aca2befdb276a,DAI_USDS,
2025-12-15,0x0e371cc8b68be74acd5a8dcbf39c50a1879248278bbc9dc2e33b2413d6ad601f,248,0x0d2bda9a446527238e802708b370dd66f375e4d1,0x6b175474e89094c44da98b954eedeac495271d0f,DAI,5000000,burn,plumbing,new,0x3225737a9bbb6473cb4a45b7244aca2befdb276a,DAI_USDS,,0x0000000000000000000000000000000000000000,,
2025-12-15,0x0e371cc8b68be74acd5a8dcbf39c50a1879248278bbc9dc2e33b2413d6ad601f,251,0x0d2bda9a446527238e802708b370dd66f375e4d1,0xdc035d45d973e3ec169d2276ddab16f1e407384f,USDS,5000000,mint,plumbing,new,0x0000000000000000000000000000000000000000,,,0x210cfcf53d1f9648c1c4dcaee677f0cb06914364,Core Council Buffer,
2025-12-15,0x0e371cc8b68be74acd5a8dcbf39c50a1879248278bbc9dc2e33b2413d6ad601f,255,0x0d2bda9a446527238e802708b370dd66f375e4d1,0x56072c95faa701256059aa122697b133aded9279,SKY,1974464.918412698412698413,transfer,plumbing,new,0xbe8e3e3618f7474f8cb1d074a26affef007e98fb,MCD_PAUSE_PROXY,,0xc8d67fcf101d3f89d0e1f3a2857485a84072a63f,REWARDS_DIST_USDS_SKY,
2025-12-15,0x0e371cc8b68be74acd5a8dcbf39c50a1879248278bbc9dc2e33b2413d6ad601f,257,0x0d2bda9a446527238e802708b370dd66f375e4d1,0x56072c95faa701256059aa122697b133aded9279,SKY,1974464.918412698412698413,transfer,plumbing,new,0xc8d67fcf101d3f89d0e1f3a2857485a84072a63f,REWARDS_DIST_USDS_SKY,,0x0650caf159c5a49f711e8169d4336ecb9b950275,REWARDS_USDS_SKY,
2025-12-15,0x0e371cc8b68be74acd5a8dcbf39c50a1879248278bbc9dc2e33b2413d6ad601f,274,0x0d2bda9a446527238e802708b370dd66f375e4d1,0x6b175474e89094c44da98b954eedeac495271d0f,DAI,4000,mint,plumbing,new,0x0000000000000000000000000000000000000000,,,0xbe8e3e3618f7474f8cb1d074a26affef007e98fb,MCD_PAUSE_PROXY,
2025-12-15,0x0e371cc8b68be74acd5a8dcbf39c50a1879248278bbc9dc2e33b2413d6ad601f,277,0x0d2bda9a446527238e802708b370dd66f375e4d1,0x6b175474e89094c44da98b954eedeac495271d0f,DAI,4000,transfer,plumbing,new,0xbe8e3e3618f7474f8cb1d074a26affef007e98fb,MCD_PAUSE_PROXY,,0x3225737a9bbb6473cb4a45b7244aca2befdb276a,DAI_USDS,
2025-12-15,0x0e371cc8b68be74acd5a8dcbf39c50a1879248278bbc9dc2e33b2413d6ad601f,279,0x0d2bda9a446527238e802708b370dd66f375e4d1,0x6b175474e89094c44da98b954eedeac495271d0f,DAI,4000,burn,plumbing,new,0x3225737a9bbb6473cb4a45b7244aca2befdb276a,DAI_USDS,,0x0000000000000000000000000000000000000000,,
2025-12-15,0x0e371cc8b68be74acd5a8dcbf39c50a1879248278bbc9dc2e33b2413d6ad601f,282,0x0d2bda9a446527238e802708b370dd66f375e4d1,0xdc035d45d973e3ec169d2276ddab16f1e407384f,USDS,4000,mint,protocol-outflow,new,0x0000000000000000000000000000000000000000,,,0x78c180cf113fe4845c325f44648b6567bc79d6e0,,
2025-12-15,0x0e371cc8b68be74acd5a8dcbf39c50a1879248278bbc9dc2e33b2413d6ad601f,287,0x0d2bda9a446527238e802708b370dd66f375e4d1,0x6b175474e89094c44da98b954eedeac495271d0f,DAI,4000,mint,plumbing,new,0x0000000000000000000000000000000000000000,,,0xbe8e3e3618f7474f8cb1d074a26affef007e98fb,MCD_PAUSE_PROXY,
2025-12-15,0x0e371cc8b68be74acd5a8dcbf39c50a1879248278bbc9dc2e33b2413d6ad601f,290,0x0d2bda9a446527238e802708b370dd66f375e4d1,0x6b175474e89094c44da98b954eedeac495271d0f,DAI,4000,transfer,plumbing,new,0xbe8e3e3618f7474f8cb1d074a26affef007e98fb,MCD_PAUSE_PROXY,,0x3225737a9bbb6473cb4a45b7244aca2befdb276a,DAI_USDS,
2025-12-15,0x0e371cc8b68be74acd5a8dcbf39c50a1879248278bbc9dc2e33b2413d6ad601f,292,0x0d2bda9a446527238e802708b370dd66f375e4d1,0x6b175474e89094c44da98b954eedeac495271d0f,DAI,4000,burn,plumbing,new,0x3225737a9bbb6473cb4a45b7244aca2befdb276a,DAI_USDS,,0x0000000000000000000000000000000000000000,,
2025-12-15,0x0e371cc8b68be74acd5a8dcbf39c50a1879248278bbc9dc2e33b2413d6ad601f,295,0x0d2bda9a446527238e802708b370dd66f375e4d1,0xdc035d45d973e3ec169d2276ddab16f1e407384f,USDS,4000,mint,protocol-outflow,new,0x0000000000000000000000000000000000000000,,,0xb6c09680d822f162449cdfb8248a7d3fc26ec9bf,,
2025-12-15,0x0e371cc8b68be74acd5a8dcbf39c50a1879248278bbc9dc2e33b2413d6ad601f,300,0x0d2bda9a446527238e802708b370dd66f375e4d1,0x6b175474e89094c44da98b954eedeac495271d0f,DAI,4000,mint,plumbing,new,0x0000000000000000000000000000000000000000,,,0xbe8e3e3618f7474f8cb1d074a26affef007e98fb,MCD_PAUSE_PROXY,
2025-12-15,0x0e371cc8b68be74acd5a8dcbf39c50a1879248278bbc9dc2e33b2413d6ad601f,303,0x0d2bda9a446527238e802708b370dd66f375e4d1,0x6b175474e89094c44da98b954eedeac495271d0f,DAI,4000,transfer,plumbing,new,0xbe8e3e3618f7474f8cb1d074a26affef007e98fb,MCD_PAUSE_PROXY,,0x3225737a9bbb6473cb4a45b7244aca2befdb276a,DAI_USDS,
2025-12-15,0x0e371cc8b68be74acd5a8dcbf39c50a1879248278bbc9dc2e33b2413d6ad601f,305,0x0d2bda9a446527238e802708b370dd66f375e4d1,0x6b175474e89094c44da98b954eedeac495271d0f,DAI,4000,burn,plumbing,new,0x3225737a9bbb6473cb4a45b7244aca2befdb276a,DAI_USDS,,0x0000000000000000000000000000000000000000,,
2025-12-15,0x0e371cc8b68be74acd5a8dcbf39c50a1879248278bbc9dc2e33b2413d6ad601f,308,0x0d2bda9a446527238e802708b370dd66f375e4d1,0xdc035d45d973e3ec169d2276ddab16f1e407384f,USDS,4000,mint,protocol-outflow,new,0x0000000000000000000000000000000000000000,,,0x167c1a762b08d7e78dbf8f24e5c3f1ab415021d3,,
2025-12-15,0x0e371cc8b68be74acd5a8dcbf39c50a1879248278bbc9dc2e33b2413d6ad601f,313,0x0d2bda9a446527238e802708b370dd66f375e4d1,0x6b175474e89094c44da98b954eedeac495271d0f,DAI,4000,mint,plumbing,new,0x0000000000000000000000000000000000000000,,,0xbe8e3e3618f7474f8cb1d074a26affef007e98fb,MCD_PAUSE_PROXY,
2025-12-15,0x0e371cc8b68be74acd5a8dcbf39c50a1879248278bbc9dc2e33b2413d6ad601f,316,0x0d2bda9a446527238e802708b370dd66f375e4d1,0x6b175474e89094c44da98b954eedeac495271d0f,DAI,4000,transfer,plumbing,new,0xbe8e3e3618f7474f8cb1d074a26affef007e98fb,MCD_PAUSE_PROXY,,0x3225737a9bbb6473cb4a45b7244aca2befdb276a,DAI_USDS,
2025-12-15,0x0e371cc8b68be74acd5a8dcbf39c50a1879248278bbc9dc2e33b2413d6ad601f,318,0x0d2bda9a446527238e802708b370dd66f375e4d1,0x6b175474e89094c44da98b954eedeac495271d0f,DAI,4000,burn,plumbing,new,0x3225737a9bbb6473cb4a45b7244aca2befdb276a,DAI_USDS,,0x0000000000000000000000000000000000000000,,
2025-12-15,0x0e371cc8b68be74acd5a8dcbf39c50a1879248278bbc9dc2e33b2413d6ad601f,321,0x0d2bda9a446527238e802708b370dd66f375e4d1,0xdc035d45d973e3ec169d2276ddab16f1e407384f,USDS,4000,mint,protocol-outflow,new,0x0000000000000000000000000000000000000000,,,0x9244f47d70587fa2329b89b6f503022b63ad54a5,,
2025-12-15,0x0e371cc8b68be74acd5a8dcbf39c50a1879248278bbc9dc2e33b2413d6ad601f,326,0x0d2bda9a446527238e802708b370dd66f375e4d1,0x6b175474e89094c44da98b954eedeac495271d0f,DAI,3788,mint,plumbing,new,0x0000000000000000000000000000000000000000,,,0xbe8e3e3618f7474f8cb1d074a26affef007e98fb,MCD_PAUSE_PROXY,
2025-12-15,0x0e371cc8b68be74acd5a8dcbf39c50a1879248278bbc9dc2e33b2413d6ad601f,329,0x0d2bda9a446527238e802708b370dd66f375e4d1,0x6b175474e89094c44da98b954eedeac495271d0f,DAI,3788,transfer,plumbing,new,0xbe8e3e3618f7474f8cb1d074a26affef007e98fb,MCD_PAUSE_PROXY,,0x3225737a9bbb6473cb4a45b7244aca2befdb276a,DAI_USDS,
2025-12-15,0x0e371cc8b68be74acd5a8dcbf39c50a1879248278bbc9dc2e33b2413d6ad601f,331,0x0d2bda9a446527238e802708b370dd66f375e4d1,0x6b175474e89094c44da98b954eedeac495271d0f,DAI,3788,burn,plumbing,new,0x3225737a9bbb6473cb4a45b7244aca2befdb276a,DAI_USDS,,0x0000000000000000000000000000000000000000,,
2025-12-15,0x0e371cc8b68be74acd5a8dcbf39c50a1879248278bbc9dc2e33b2413d6ad601f,334,0x0d2bda9a446527238e802708b370dd66f375e4d1,0xdc035d45d973e3ec169d2276ddab16f1e407384f,USDS,3788,mint,protocol-outflow,new,0x0000000000000000000000000000000000000000,,,0xb2b86a130b1ec101e4aed9a88502e08995760307,,
2025-12-15,0x0e371cc8b68be74acd5a8dcbf39c50a1879248278bbc9dc2e33b2413d6ad601f,339,0x0d2bda9a446527238e802708b370dd66f375e4d1,0x6b175474e89094c44da98b954eedeac495271d0f,DAI,3027,mint,plumbing,new,0x0000000000000000000000000000000000000000,,,0xbe8e3e3618f7474f8cb1d074a26affef007e98fb,MCD_PAUSE_PROXY,
2025-12-15,0x0e371cc8b68be74acd5a8dcbf39c50a1879248278bbc9dc2e33b2413d6ad601f,342,0x0d2bda9a446527238e802708b370dd66f375e4d1,0x6b175474e89094c44da98b954eedeac495271d0f,DAI,3027,transfer,plumbing,new,0xbe8e3e3618f7474f8cb1d074a26affef007e98fb,MCD_PAUSE_PROXY,,0x3225737a9bbb6473cb4a45b7244aca2befdb276a,DAI_USDS,
2025-12-15,0x0e371cc8b68be74acd5a8dcbf39c50a1879248278bbc9dc2e33b2413d6ad601f,344,0x0d2bda9a446527238e802708b370dd66f375e4d1,0x6b175474e89094c44da98b954eedeac495271d0f,DAI,3027,burn,plumbing,new,0x3225737a9bbb6473cb4a45b7244aca2befdb276a,DAI_USDS,,0x0000000000000000000000000000000000000000,,
2025-12-15,0x0e371cc8b68be74acd5a8dcbf39c50a1879248278bbc9dc2e33b2413d6ad601f,347,0x0d2bda9a446527238e802708b370dd66f375e4d1,0xdc035d45d973e3ec169d2276ddab16f1e407384f,USDS,3027,mint,protocol-outflow,new,0x0000000000000000000000000000000000000000,,,0x05c73ae49ff0ec654496bf4008d73274a919cb5c,,
2025-12-15,0x0e371cc8b68be74acd5a8dcbf39c50a1879248278bbc9dc2e33b2413d6ad601f,352,0x0d2bda9a446527238e802708b370dd66f375e4d1,0x6b175474e89094c44da98b954eedeac495271d0f,DAI,50167,mint,plumbing,new,0x0000000000000000000000000000000000000000,,,0xbe8e3e3618f7474f8cb1d074a26affef007e98fb,MCD_PAUSE_PROXY,
2025-12-15,0x0e371cc8b68be74acd5a8dcbf39c50a1879248278bbc9dc2e33b2413d6ad601f,355,0x0d2bda9a446527238e802708b370dd66f375e4d1,0x6b175474e89094c44da98b954eedeac495271d0f,DAI,50167,transfer,plumbing,new,0xbe8e3e3618f7474f8cb1d074a26affef007e98fb,MCD_PAUSE_PROXY,,0x3225737a9bbb6473cb4a45b7244aca2befdb276a,DAI_USDS,
2025-12-15,0x0e371cc8b68be74acd5a8dcbf39c50a1879248278bbc9dc2e33b2413d6ad601f,357,0x0d2bda9a446527238e802708b370dd66f375e4d1,0x6b175474e89094c44da98b954eedeac495271d0f,DAI,50167,burn,plumbing,new,0x3225737a9bbb6473cb4a45b7244aca2befdb276a,DAI_USDS,,0x0000000000000000000000000000000000000000,,
2025-12-15,0x0e371cc8b68be74acd5a8dcbf39c50a1879248278bbc9dc2e33b2413d6ad601f,360,0x0d2bda9a446527238e802708b370dd66f375e4d1,0xdc035d45d973e3ec169d2276ddab16f1e407384f,USDS,50167,mint,protocol-outflow,new,0x0000000000000000000000000000000000000000,,,0xb6c09680d822f162449cdfb8248a7d3fc26ec9bf,,
2025-12-15,0x0e371cc8b68be74acd5a8dcbf39c50a1879248278bbc9dc2e33b2413d6ad601f,365,0x0d2bda9a446527238e802708b370dd66f375e4d1,0x6b175474e89094c44da98b954eedeac495271d0f,DAI,16417,mint,plumbing,new,0x0000000000000000000000000000000000000000,,,0xbe8e3e3618f7474f8cb1d074a26affef007e98fb,MCD_PAUSE_PROXY,
2025-12-15,0x0e371cc8b68be74acd5a8dcbf39c50a1879248278bbc9dc2e33b2413d6ad601f,368,0x0d2bda9a446527238e802708b370dd66f375e4d1,0x6b175474e89094c44da98b954eedeac495271d0f,DAI,16417,transfer,plumbing,new,0xbe8e3e3618f7474f8cb1d074a26affef007e98fb,MCD_PAUSE_PROXY,,0x3225737a9bbb6473cb4a45b7244aca2befdb276a,DAI_USDS,
2025-12-15,0x0e371cc8b68be74acd5a8dcbf39c50a1879248278bbc9dc2e33b2413d6ad601f,370,0x0d2bda9a446527238e802708b370dd66f375e4d1,0x6b175474e89094c44da98b954eedeac495271d0f,DAI,16417,burn,plumbing,new,0x3225737a9bbb6473cb4a45b7244aca2befdb276a,DAI_USDS,,0x0000000000000000000000000000000000000000,,
2025-12-15,0x0e371cc8b68be74acd5a8dcbf39c50a1879248278bbc9dc2e33b2413d6ad601f,373,0x0d2bda9a446527238e802708b370dd66f375e4d1,0xdc035d45d973e3ec169d2276ddab16f1e407384f,USDS,16417,mint,protocol-outflow,new,0x0000000000000000000000000000000000000000,,,0x9244f47d70587fa2329b89b6f503022b63ad54a5,,
2025-12-15,0x0e371cc8b68be74acd5a8dcbf39c50a1879248278bbc9dc2e33b2413d6ad601f,376,0x0d2bda9a446527238e802708b370dd66f375e4d1,0x56072c95faa701256059aa122697b133aded9279,SKY,330000,transfer,protocol-outflow,new,0xbe8e3e3618f7474f8cb1d074a26affef007e98fb,MCD_PAUSE_PROXY,,0xb6c09680d822f162449cdfb8248a7d3fc26ec9bf,,
2025-12-15,0x0e371cc8b68be74acd5a8dcbf39c50a1879248278bbc9dc2e33b2413d6ad601f,377,0x0d2bda9a446527238e802708b370dd66f375e4d1,0x56072c95faa701256059aa122697b133aded9279,SKY,288000,transfer,protocol-outflow,new,0xbe8e3e3618f7474f8cb1d074a26affef007e98fb,MCD_PAUSE_PROXY,,0x9244f47d70587fa2329b89b6f503022b63ad54a5,,
2026-01-19,0x277e82984afca8e4cbbbfb0dcdd04602243c549dedb7530a59597648794e8851,122,0xe91c453b7e1f4df94fb4cb69e1f4836e62718d76,0x56072c95faa701256059aa122697b133aded9279,SKY,67456.872376373626373627,transfer,plumbing,new,0xbe8e3e3618f7474f8cb1d074a26affef007e98fb,MCD_PAUSE_PROXY,,0xc8d67fcf101d3f89d0e1f3a2857485a84072a63f,REWARDS_DIST_USDS_SKY,
2026-01-19,0x277e82984afca8e4cbbbfb0dcdd04602243c549dedb7530a59597648794e8851,124,0xe91c453b7e1f4df94fb4cb69e1f4836e62718d76,0x56072c95faa701256059aa122697b133aded9279,SKY,67456.872376373626373627,transfer,plumbing,new,0xc8d67fcf101d3f89d0e1f3a2857485a84072a63f,REWARDS_DIST_USDS_SKY,,0x0650caf159c5a49f711e8169d4336ecb9b950275,REWARDS_USDS_SKY,
2026-01-19,0x277e82984afca8e4cbbbfb0dcdd04602243c549dedb7530a59597648794e8851,129,0xe91c453b7e1f4df94fb4cb69e1f4836e62718d76,0xc20059e0317de91738d13af027dfc4a50781b066,SPK,1574357.876712328767123287,transfer,plumbing,new,0xbe8e3e3618f7474f8cb1d074a26affef007e98fb,MCD_PAUSE_PROXY,,0xa3ee378bdd0b7dd403ced3a0a65b2b389a2eab7e,REWARDS_DIST_LSSKY_SPK,
2026-01-19,0x277e82984afca8e4cbbbfb0dcdd04602243c549dedb7530a59597648794e8851,131,0xe91c453b7e1f4df94fb4cb69e1f4836e62718d76,0xc20059e0317de91738d13af027dfc4a50781b066,SPK,1574357.876712328767123287,transfer,plumbing,new,0xa3ee378bdd0b7dd403ced3a0a65b2b389a2eab7e,REWARDS_DIST_LSSKY_SPK,,0x99cbc0e4e6427f6939536ed24d1275b95ff77404,REWARDS_LSSKY_SPK,
2026-01-19,0x277e82984afca8e4cbbbfb0dcdd04602243c549dedb7530a59597648794e8851,164,0xe91c453b7e1f4df94fb4cb69e1f4836e62718d76,0x6b175474e89094c44da98b954eedeac495271d0f,DAI,4000,mint,plumbing,new,0x0000000000000000000000000000000000000000,,,0xbe8e3e3618f7474f8cb1d074a26affef007e98fb,MCD_PAUSE_PROXY,
2026-01-19,0x277e82984afca8e4cbbbfb0dcdd04602243c549dedb7530a59597648794e8851,167,0xe91c453b7e1f4df94fb4cb69e1f4836e62718d76,0x6b175474e89094c44da98b954eedeac495271d0f,DAI,4000,transfer,plumbing,new,0xbe8e3e3618f7474f8cb1d074a26affef007e98fb,MCD_PAUSE_PROXY,,0x3225737a9bbb6473cb4a45b7244aca2befdb276a,DAI_USDS,
2026-01-19,0x277e82984afca8e4cbbbfb0dcdd04602243c549dedb7530a59597648794e8851,169,0xe91c453b7e1f4df94fb4cb69e1f4836e62718d76,0x6b175474e89094c44da98b954eedeac495271d0f,DAI,4000,burn,plumbing,new,0x3225737a9bbb6473cb4a45b7244aca2befdb276a,DAI_USDS,,0x0000000000000000000000000000000000000000,,
2026-01-19,0x277e82984afca8e4cbbbfb0dcdd04602243c549dedb7530a59597648794e8851,172,0xe91c453b7e1f4df94fb4cb69e1f4836e62718d76,0xdc035d45d973e3ec169d2276ddab16f1e407384f,USDS,4000,mint,protocol-outflow,new,0x0000000000000000000000000000000000000000,,,0x78c180cf113fe4845c325f44648b6567bc79d6e0,,
2026-01-19,0x277e82984afca8e4cbbbfb0dcdd04602243c549dedb7530a59597648794e8851,177,0xe91c453b7e1f4df94fb4cb69e1f4836e62718d76,0x6b175474e89094c44da98b954eedeac495271d0f,DAI,4000,mint,plumbing,new,0x0000000000000000000000000000000000000000,,,0xbe8e3e3618f7474f8cb1d074a26affef007e98fb,MCD_PAUSE_PROXY,
2026-01-19,0x277e82984afca8e4cbbbfb0dcdd04602243c549dedb7530a59597648794e8851,180,0xe91c453b7e1f4df94fb4cb69e1f4836e62718d76,0x6b175474e89094c44da98b954eedeac495271d0f,DAI,4000,transfer,plumbing,new,0xbe8e3e3618f7474f8cb1d074a26affef007e98fb,MCD_PAUSE_PROXY,,0x3225737a9bbb6473cb4a45b7244aca2befdb276a,DAI_USDS,
2026-01-19,0x277e82984afca8e4cbbbfb0dcdd04602243c549dedb7530a59597648794e8851,182,0xe91c453b7e1f4df94fb4cb69e1f4836e62718d76,0x6b175474e89094c44da98b954eedeac495271d0f,DAI,4000,burn,plumbing,new,0x3225737a9bbb6473cb4a45b7244aca2befdb276a,DAI_USDS,,0x0000000000000000000000000000000000000000,,
2026-01-19,0x277e82984afca8e4cbbbfb0dcdd04602243c549dedb7530a59597648794e8851,185,0xe91c453b7e1f4df94fb4cb69e1f4836e62718d76,0xdc035d45d973e3ec169d2276ddab16f1e407384f,USDS,4000,mint,protocol-outflow,new,0x0000000000000000000000000000000000000000,,,0xb6c09680d822f162449cdfb8248a7d3fc26ec9bf,,
2026-01-19,0x277e82984afca8e4cbbbfb0dcdd04602243c549dedb7530a59597648794e8851,190,0xe91c453b7e1f4df94fb4cb69e1f4836e62718d76,0x6b175474e89094c44da98b954eedeac495271d0f,DAI,4000,mint,plumbing,new,0x0000000000000000000000000000000000000000,,,0xbe8e3e3618f7474f8cb1d074a26affef007e98fb,MCD_PAUSE_PROXY,
2026-01-19,0x277e82984afca8e4cbbbfb0dcdd04602243c549dedb7530a59597648794e8851,193,0xe91c453b7e1f4df94fb4cb69e1f4836e62718d76,0x6b175474e89094c44da98b954eedeac495271d0f,DAI,4000,transfer,plumbing,new,0xbe8e3e3618f7474f8cb1d074a26affef007e98fb,MCD_PAUSE_PROXY,,0x3225737a9bbb6473cb4a45b7244aca2befdb276a,DAI_USDS,
2026-01-19,0x277e82984afca8e4cbbbfb0dcdd04602243c549dedb7530a59597648794e8851,195,0xe91c453b7e1f4df94fb4cb69e1f4836e62718d76,0x6b175474e89094c44da98b954eedeac495271d0f,DAI,4000,burn,plumbing,new,0x3225737a9bbb6473cb4a45b7244aca2befdb276a,DAI_USDS,,0x0000000000000000000000000000000000000000,,
2026-01-19,0x277e82984afca8e4cbbbfb0dcdd04602243c549dedb7530a59597648794e8851,198,0xe91c453b7e1f4df94fb4cb69e1f4836e62718d76,0xdc035d45d973e3ec169d2276ddab16f1e407384f,USDS,4000,mint,protocol-outflow,new,0x0000000000000000000000000000000000000000,,,0x167c1a762b08d7e78dbf8f24e5c3f1ab415021d3,,
2026-01-19,0x277e82984afca8e4cbbbfb0dcdd04602243c549dedb7530a59597648794e8851,203,0xe91c453b7e1f4df94fb4cb69e1f4836e62718d76,0x6b175474e89094c44da98b954eedeac495271d0f,DAI,4000,mint,plumbing,new,0x0000000000000000000000000000000000000000,,,0xbe8e3e3618f7474f8cb1d074a26affef007e98fb,MCD_PAUSE_PROXY,
2026-01-19,0x277e82984afca8e4cbbbfb0dcdd04602243c549dedb7530a59597648794e8851,206,0xe91c453b7e1f4df94fb4cb69e1f4836e62718d76,0x6b175474e89094c44da98b954eedeac495271d0f,DAI,4000,transfer,plumbing,new,0xbe8e3e3618f7474f8cb1d074a26affef007e98fb,MCD_PAUSE_PROXY,,0x3225737a9bbb6473cb4a45b7244aca2befdb276a,DAI_USDS,
2026-01-19,0x277e82984afca8e4cbbbfb0dcdd04602243c549dedb7530a59597648794e8851,208,0xe91c453b7e1f4df94fb4cb69e1f4836e62718d76,0x6b175474e89094c44da98b954eedeac495271d0f,DAI,4000,burn,plumbing,new,0x3225737a9bbb6473cb4a45b7244aca2befdb276a,DAI_USDS,,0x0000000000000000000000000000000000000000,,
2026-01-19,0x277e82984afca8e4cbbbfb0dcdd04602243c549dedb7530a59597648794e8851,211,0xe91c453b7e1f4df94fb4cb69e1f4836e62718d76,0xdc035d45d973e3ec169d2276ddab16f1e407384f,USDS,4000,mint,protocol-outflow,new,0x0000000000000000000000000000000000000000,,,0x9244f47d70587fa2329b89b6f503022b63ad54a5,,
2026-01-19,0x277e82984afca8e4cbbbfb0dcdd04602243c549dedb7530a59597648794e8851,216,0xe91c453b7e1f4df94fb4cb69e1f4836e62718d76,0x6b175474e89094c44da98b954eedeac495271d0f,DAI,3723,mint,plumbing,new,0x0000000000000000000000000000000000000000,,,0xbe8e3e3618f7474f8cb1d074a26affef007e98fb,MCD_PAUSE_PROXY,
2026-01-19,0x277e82984afca8e4cbbbfb0dcdd04602243c549dedb7530a59597648794e8851,219,0xe91c453b7e1f4df94fb4cb69e1f4836e62718d76,0x6b175474e89094c44da98b954eedeac495271d0f,DAI,3723,transfer,plumbing,new,0xbe8e3e3618f7474f8cb1d074a26affef007e98fb,MCD_PAUSE_PROXY,,0x3225737a9bbb6473cb4a45b7244aca2befdb276a,DAI_USDS,
2026-01-19,0x277e82984afca8e4cbbbfb0dcdd04602243c549dedb7530a59597648794e8851,221,0xe91c453b7e1f4df94fb4cb69e1f4836e62718d76,0x6b175474e89094c44da98b954eedeac495271d0f,DAI,3723,burn,plumbing,new,0x3225737a9bbb6473cb4a45b7244aca2befdb276a,DAI_USDS,,0x0000000000000000000000000000000000000000,,
2026-01-19,0x277e82984afca8e4cbbbfb0dcdd04602243c549dedb7530a59597648794e8851,224,0xe91c453b7e1f4df94fb4cb69e1f4836e62718d76,0xdc035d45d973e3ec169d2276ddab16f1e407384f,USDS,3723,mint,protocol-outflow,new,0x0000000000000000000000000000000000000000,,,0xb2b86a130b1ec101e4aed9a88502e08995760307,,
2026-01-19,0x277e82984afca8e4cbbbfb0dcdd04602243c549dedb7530a59597648794e8851,229,0xe91c453b7e1f4df94fb4cb69e1f4836e62718d76,0x6b175474e89094c44da98b954eedeac495271d0f,DAI,1032,mint,plumbing,new,0x0000000000000000000000000000000000000000,,,0xbe8e3e3618f7474f8cb1d074a26affef007e98fb,MCD_PAUSE_PROXY,
2026-01-19,0x277e82984afca8e4cbbbfb0dcdd04602243c549dedb7530a59597648794e8851,232,0xe91c453b7e1f4df94fb4cb69e1f4836e62718d76,0x6b175474e89094c44da98b954eedeac495271d0f,DAI,1032,transfer,plumbing,new,0xbe8e3e3618f7474f8cb1d074a26affef007e98fb,MCD_PAUSE_PROXY,,0x3225737a9bbb6473cb4a45b7244aca2befdb276a,DAI_USDS,
2026-01-19,0x277e82984afca8e4cbbbfb0dcdd04602243c549dedb7530a59597648794e8851,234,0xe91c453b7e1f4df94fb4cb69e1f4836e62718d76,0x6b175474e89094c44da98b954eedeac495271d0f,DAI,1032,burn,plumbing,new,0x3225737a9bbb6473cb4a45b7244aca2befdb276a,DAI_USDS,,0x0000000000000000000000000000000000000000,,
2026-01-19,0x277e82984afca8e4cbbbfb0dcdd04602243c549dedb7530a59597648794e8851,237,0xe91c453b7e1f4df94fb4cb69e1f4836e62718d76,0xdc035d45d973e3ec169d2276ddab16f1e407384f,USDS,1032,mint,protocol-outflow,new,0x0000000000000000000000000000000000000000,,,0x05c73ae49ff0ec654496bf4008d73274a919cb5c,,
2026-02-02,0xe5a95157c05e43539f52a9631c07256354c7a8c01471ad055efdf2efdbda75c6,64,0x4d99868f6d4d2545ebff3a1385efe31c06d3a472,0x6b175474e89094c44da98b954eedeac495271d0f,DAI,7071339,mint,plumbing,new,0x0000000000000000000000000000000000000000,,,0xbe8e3e3618f7474f8cb1d074a26affef007e98fb,MCD_PAUSE_PROXY,
2026-02-02,0xe5a95157c05e43539f52a9631c07256354c7a8c01471ad055efdf2efdbda75c6,67,0x4d99868f6d4d2545ebff3a1385efe31c06d3a472,0x6b175474e89094c44da98b954eedeac495271d0f,DAI,7071339,transfer,plumbing,new,0xbe8e3e3618f7474f8cb1d074a26affef007e98fb,MCD_PAUSE_PROXY,,0x3225737a9bbb6473cb4a45b7244aca2befdb276a,DAI_USDS,
2026-02-02,0xe5a95157c05e43539f52a9631c07256354c7a8c01471ad055efdf2efdbda75c6,69,0x4d99868f6d4d2545ebff3a1385efe31c06d3a472,0x6b175474e89094c44da98b954eedeac495271d0f,DAI,7071339,burn,plumbing,new,0x3225737a9bbb6473cb4a45b7244aca2befdb276a,DAI_USDS,,0x0000000000000000000000000000000000000000,,
2026-02-02,0xe5a95157c05e43539f52a9631c07256354c7a8c01471ad055efdf2efdbda75c6,72,0x4d99868f6d4d2545ebff3a1385efe31c06d3a472,0xdc035d45d973e3ec169d2276ddab16f1e407384f,USDS,7071339,mint,msc-payment,payments.csv,0x0000000000000000000000000000000000000000,,,0x3300f198988e4c9c63f75df86de36421f06af8c4,SPARK_SUBPROXY,SPARK
2026-02-02,0xe5a95157c05e43539f52a9631c07256354c7a8c01471ad055efdf2efdbda75c6,85,0x4d99868f6d4d2545ebff3a1385efe31c06d3a472,0x6b175474e89094c44da98b954eedeac495271d0f,DAI,442327,mint,plumbing,new,0x0000000000000000000000000000000000000000,,,0xbe8e3e3618f7474f8cb1d074a26affef007e98fb,MCD_PAUSE_PROXY,
2026-02-02,0xe5a95157c05e43539f52a9631c07256354c7a8c01471ad055efdf2efdbda75c6,88,0x4d99868f6d4d2545ebff3a1385efe31c06d3a472,0x6b175474e89094c44da98b954eedeac495271d0f,DAI,442327,transfer,plumbing,new,0xbe8e3e3618f7474f8cb1d074a26affef007e98fb,MCD_PAUSE_PROXY,,0x3225737a9bbb6473cb4a45b7244aca2befdb276a,DAI_USDS,
2026-02-02,0xe5a95157c05e43539f52a9631c07256354c7a8c01471ad055efdf2efdbda75c6,90,0x4d99868f6d4d2545ebff3a1385efe31c06d3a472,0x6b175474e89094c44da98b954eedeac495271d0f,DAI,442327,burn,plumbing,new,0x3225737a9bbb6473cb4a45b7244aca2befdb276a,DAI_USDS,,0x0000000000000000000000000000000000000000,,
2026-02-02,0xe5a95157c05e43539f52a9631c07256354c7a8c01471ad055efdf2efdbda75c6,93,0x4d99868f6d4d2545ebff3a1385efe31c06d3a472,0xdc035d45d973e3ec169d2276ddab16f1e407384f,USDS,442327,mint,msc-payment,payments.csv,0x0000000000000000000000000000000000000000,,,0x8be042581f581e3620e29f213ea8b94afa1c8071,OBEX_SUBPROXY,OBEX
2026-02-02,0xe5a95157c05e43539f52a9631c07256354c7a8c01471ad055efdf2efdbda75c6,98,0x4d99868f6d4d2545ebff3a1385efe31c06d3a472,0x6b175474e89094c44da98b954eedeac495271d0f,DAI,6632421,mint,plumbing,new,0x0000000000000000000000000000000000000000,,,0xbe8e3e3618f7474f8cb1d074a26affef007e98fb,MCD_PAUSE_PROXY,
2026-02-02,0xe5a95157c05e43539f52a9631c07256354c7a8c01471ad055efdf2efdbda75c6,101,0x4d99868f6d4d2545ebff3a1385efe31c06d3a472,0x6b175474e89094c44da98b954eedeac495271d0f,DAI,6632421,transfer,plumbing,new,0xbe8e3e3618f7474f8cb1d074a26affef007e98fb,MCD_PAUSE_PROXY,,0x3225737a9bbb6473cb4a45b7244aca2befdb276a,DAI_USDS,
2026-02-02,0xe5a95157c05e43539f52a9631c07256354c7a8c01471ad055efdf2efdbda75c6,103,0x4d99868f6d4d2545ebff3a1385efe31c06d3a472,0x6b175474e89094c44da98b954eedeac495271d0f,DAI,6632421,burn,plumbing,new,0x3225737a9bbb6473cb4a45b7244aca2befdb276a,DAI_USDS,,0x0000000000000000000000000000000000000000,,
2026-02-02,0xe5a95157c05e43539f52a9631c07256354c7a8c01471ad055efdf2efdbda75c6,106,0x4d99868f6d4d2545ebff3a1385efe31c06d3a472,0xdc035d45d973e3ec169d2276ddab16f1e407384f,USDS,6632421,mint,plumbing,new,0x0000000000000000000000000000000000000000,,,0x210cfcf53d1f9648c1c4dcaee677f0cb06914364,Core Council Buffer,
2026-02-02,0xe5a95157c05e43539f52a9631c07256354c7a8c01471ad055efdf2efdbda75c6,111,0x4d99868f6d4d2545ebff3a1385efe31c06d3a472,0x6b175474e89094c44da98b954eedeac495271d0f,DAI,331620,mint,plumbing,new,0x0000000000000000000000000000000000000000,,,0xbe8e3e3618f7474f8cb1d074a26affef007e98fb,MCD_PAUSE_PROXY,
2026-02-02,0xe5a95157c05e43539f52a9631c07256354c7a8c01471ad055efdf2efdbda75c6,114,0x4d99868f6d4d2545ebff3a1385efe31c06d3a472,0x6b175474e89094c44da98b954eedeac495271d0f,DAI,331620,transfer,plumbing,new,0xbe8e3e3618f7474f8cb1d074a26affef007e98fb,MCD_PAUSE_PROXY,,0x3225737a9bbb6473cb4a45b7244aca2befdb276a,DAI_USDS,
2026-02-02,0xe5a95157c05e43539f52a9631c07256354c7a8c01471ad055efdf2efdbda75c6,116,0x4d99868f6d4d2545ebff3a1385efe31c06d3a472,0x6b175474e89094c44da98b954eedeac495271d0f,DAI,331620,burn,plumbing,new,0x3225737a9bbb6473cb4a45b7244aca2befdb276a,DAI_USDS,,0x0000000000000000000000000000000000000000,,
2026-02-02,0xe5a95157c05e43539f52a9631c07256354c7a8c01471ad055efdf2efdbda75c6,119,0x4d99868f6d4d2545ebff3a1385efe31c06d3a472,0xdc035d45d973e3ec169d2276ddab16f1e407384f,USDS,331620,mint,protocol-outflow,new,0x0000000000000000000000000000000000000000,,,0x37fc5d447c8c54326c62b697f674c93ead2a93a3,,
2026-02-02,0xe5a95157c05e43539f52a9631c07256354c7a8c01471ad055efdf2efdbda75c6,164,0x4d99868f6d4d2545ebff3a1385efe31c06d3a472,0x6b175474e89094c44da98b954eedeac495271d0f,DAI,10000000,mint,plumbing,new,0x0000000000000000000000000000000000000000,,,0xbe8e3e3618f7474f8cb1d074a26affef007e98fb,MCD_PAUSE_PROXY,
2026-02-02,0xe5a95157c05e43539f52a9631c07256354c7a8c01471ad055efdf2efdbda75c6,167,0x4d99868f6d4d2545ebff3a1385efe31c06d3a472,0x6b175474e89094c44da98b954eedeac495271d0f,DAI,10000000,transfer,plumbing,new,0xbe8e3e3618f7474f8cb1d074a26affef007e98fb,MCD_PAUSE_PROXY,,0x3225737a9bbb6473cb4a45b7244aca2befdb276a,DAI_USDS,
2026-02-02,0xe5a95157c05e43539f52a9631c07256354c7a8c01471ad055efdf2efdbda75c6,169,0x4d99868f6d4d2545ebff3a1385efe31c06d3a472,0x6b175474e89094c44da98b954eedeac495271d0f,DAI,10000000,burn,plumbing,new,0x3225737a9bbb6473cb4a45b7244aca2befdb276a,DAI_USDS,,0x0000000000000000000000000000000000000000,,
2026-02-02,0xe5a95157c05e43539f52a9631c07256354c7a8c01471ad055efdf2efdbda75c6,172,0x4d99868f6d4d2545ebff3a1385efe31c06d3a472,0xdc035d45d973e3ec169d2276ddab16f1e407384f,USDS,10000000,mint,prime-mint,new,0x0000000000000000000000000000000000000000,,,0x08978e3700859e476201c1d7438b3427e3c81140,SKYBASE_SUBPROXY,SKYBASE
2026-02-02,0xe5a95157c05e43539f52a9631c07256354c7a8c01471ad055efdf2efdbda75c6,177,0x4d99868f6d4d2545ebff3a1385efe31c06d3a472,0x6b175474e89094c44da98b954eedeac495271d0f,DAI,5000000,mint,plumbing,new,0x0000000000000000000000000000000000000000,,,0xbe8e3e3618f7474f8cb1d074a26affef007e98fb,MCD_PAUSE_PROXY,
2026-02-02,0xe5a95157c05e43539f52a9631c07256354c7a8c01471ad055efdf2efdbda75c6,180,0x4d99868f6d4d2545ebff3a1385efe31c06d3a472,0x6b175474e89094c44da98b954eedeac495271d0f,DAI,5000000,transfer,plumbing,new,0xbe8e3e3618f7474f8cb1d074a26affef007e98fb,MCD_PAUSE_PROXY,,0x3225737a9bbb6473cb4a45b7244aca2befdb276a,DAI_USDS,
2026-02-02,0xe5a95157c05e43539f52a9631c07256354c7a8c01471ad055efdf2efdbda75c6,182,0x4d99868f6d4d2545ebff3a1385efe31c06d3a472,0x6b175474e89094c44da98b954eedeac495271d0f,DAI,5000000,burn,plumbing,new,0x3225737a9bbb6473cb4a45b7244aca2befdb276a,DAI_USDS,,0x0000000000000000000000000000000000000000,,
2026-02-02,0xe5a95157c05e43539f52a9631c07256354c7a8c01471ad055efdf2efdbda75c6,185,0x4d99868f6d4d2545ebff3a1385efe31c06d3a472,0xdc035d45d973e3ec169d2276ddab16f1e407384f,USDS,5000000,mint,protocol-outflow,new,0x0000000000000000000000000000000000000000,,,0x3f32bc09d41ee699844f8296e806417d6bf61bba,,
2026-03-02,0xdac2121d767cc100190a6f64ef26d5849af523a3fb0b92d9d6155f336990f289,250,0x4c56b1b1554b1230349d66f665814641a609c569,0x6b175474e89094c44da98b954eedeac495271d0f,DAI,1387824,mint,plumbing,new,0x0000000000000000000000000000000000000000,,,0xbe8e3e3618f7474f8cb1d074a26affef007e98fb,MCD_PAUSE_PROXY,
2026-03-02,0xdac2121d767cc100190a6f64ef26d5849af523a3fb0b92d9d6155f336990f289,253,0x4c56b1b1554b1230349d66f665814641a609c569,0x6b175474e89094c44da98b954eedeac495271d0f,DAI,1387824,transfer,plumbing,new,0xbe8e3e3618f7474f8cb1d074a26affef007e98fb,MCD_PAUSE_PROXY,,0x3225737a9bbb6473cb4a45b7244aca2befdb276a,DAI_USDS,
2026-03-02,0xdac2121d767cc100190a6f64ef26d5849af523a3fb0b92d9d6155f336990f289,255,0x4c56b1b1554b1230349d66f665814641a609c569,0x6b175474e89094c44da98b954eedeac495271d0f,DAI,1387824,burn,plumbing,new,0x3225737a9bbb6473cb4a45b7244aca2befdb276a,DAI_USDS,,0x0000000000000000000000000000000000000000,,
2026-03-02,0xdac2121d767cc100190a6f64ef26d5849af523a3fb0b92d9d6155f336990f289,258,0x4c56b1b1554b1230349d66f665814641a609c569,0xdc035d45d973e3ec169d2276ddab16f1e407384f,USDS,1387824,mint,msc-payment,payments.csv,0x0000000000000000000000000000000000000000,,,0x3300f198988e4c9c63f75df86de36421f06af8c4,SPARK_SUBPROXY,SPARK
2026-03-02,0xdac2121d767cc100190a6f64ef26d5849af523a3fb0b92d9d6155f336990f289,267,0x4c56b1b1554b1230349d66f665814641a609c569,0x6b175474e89094c44da98b954eedeac495271d0f,DAI,6090,mint,plumbing,new,0x0000000000000000000000000000000000000000,,,0xbe8e3e3618f7474f8cb1d074a26affef007e98fb,MCD_PAUSE_PROXY,
2026-03-02,0xdac2121d767cc100190a6f64ef26d5849af523a3fb0b92d9d6155f336990f289,270,0x4c56b1b1554b1230349d66f665814641a609c569,0x6b175474e89094c44da98b954eedeac495271d0f,DAI,6090,transfer,plumbing,new,0xbe8e3e3618f7474f8cb1d074a26affef007e98fb,MCD_PAUSE_PROXY,,0x3225737a9bbb6473cb4a45b7244aca2befdb276a,DAI_USDS,
2026-03-02,0xdac2121d767cc100190a6f64ef26d5849af523a3fb0b92d9d6155f336990f289,272,0x4c56b1b1554b1230349d66f665814641a609c569,0x6b175474e89094c44da98b954eedeac495271d0f,DAI,6090,burn,plumbing,new,0x3225737a9bbb6473cb4a45b7244aca2befdb276a,DAI_USDS,,0x0000000000000000000000000000000000000000,,
2026-03-02,0xdac2121d767cc100190a6f64ef26d5849af523a3fb0b92d9d6155f336990f289,275,0x4c56b1b1554b1230349d66f665814641a609c569,0xdc035d45d973e3ec169d2276ddab16f1e407384f,USDS,6090,mint,msc-payment,payments.csv,0x0000000000000000000000000000000000000000,,,0x1369f7b2b38c76b6478c0f0e66d94923421891ba,GROVE_SUBPROXY,GROVE
2026-03-02,0xdac2121d767cc100190a6f64ef26d5849af523a3fb0b92d9d6155f336990f289,284,0x4c56b1b1554b1230349d66f665814641a609c569,0x6b175474e89094c44da98b954eedeac495271d0f,DAI,71342,mint,plumbing,new,0x0000000000000000000000000000000000000000,,,0xbe8e3e3618f7474f8cb1d074a26affef007e98fb,MCD_PAUSE_PROXY,
2026-03-02,0xdac2121d767cc100190a6f64ef26d5849af523a3fb0b92d9d6155f336990f289,287,0x4c56b1b1554b1230349d66f665814641a609c569,0x6b175474e89094c44da98b954eedeac495271d0f,DAI,71342,transfer,plumbing,new,0xbe8e3e3618f7474f8cb1d074a26affef007e98fb,MCD_PAUSE_PROXY,,0x3225737a9bbb6473cb4a45b7244aca2befdb276a,DAI_USDS,
2026-03-02,0xdac2121d767cc100190a6f64ef26d5849af523a3fb0b92d9d6155f336990f289,289,0x4c56b1b1554b1230349d66f665814641a609c569,0x6b175474e89094c44da98b954eedeac495271d0f,DAI,71342,burn,plumbing,new,0x3225737a9bbb6473cb4a45b7244aca2befdb276a,DAI_USDS,,0x0000000000000000000000000000000000000000,,
2026-03-02,0xdac2121d767cc100190a6f64ef26d5849af523a3fb0b92d9d6155f336990f289,292,0x4c56b1b1554b1230349d66f665814641a609c569,0xdc035d45d973e3ec169d2276ddab16f1e407384f,USDS,71342,mint,msc-payment,payments.csv,0x0000000000000000000000000000000000000000,,,0x8be042581f581e3620e29f213ea8b94afa1c8071,OBEX_SUBPROXY,OBEX
2026-03-02,0xdac2121d767cc100190a6f64ef26d5849af523a3fb0b92d9d6155f336990f289,297,0x4c56b1b1554b1230349d66f665814641a609c569,0x6b175474e89094c44da98b954eedeac495271d0f,DAI,4808248,mint,plumbing,new,0x0000000000000000000000000000000000000000,,,0xbe8e3e3618f7474f8cb1d074a26affef007e98fb,MCD_PAUSE_PROXY,
2026-03-02,0xdac2121d767cc100190a6f64ef26d5849af523a3fb0b92d9d6155f336990f289,300,0x4c56b1b1554b1230349d66f665814641a609c569,0x6b175474e89094c44da98b954eedeac495271d0f,DAI,4808248,transfer,plumbing,new,0xbe8e3e3618f7474f8cb1d074a26affef007e98fb,MCD_PAUSE_PROXY,,0x3225737a9bbb6473cb4a45b7244aca2befdb276a,DAI_USDS,
2026-03-02,0xdac2121d767cc100190a6f64ef26d5849af523a3fb0b92d9d6155f336990f289,302,0x4c56b1b1554b1230349d66f665814641a609c569,0x6b175474e89094c44da98b954eedeac495271d0f,DAI,4808248,burn,plumbing,new,0x3225737a9bbb6473cb4a45b7244aca2befdb276a,DAI_USDS,,0x0000000000000000000000000000000000000000,,
2026-03-02,0xdac2121d767cc100190a6f64ef26d5849af523a3fb0b92d9d6155f336990f289,305,0x4c56b1b1554b1230349d66f665814641a609c569,0xdc035d45d973e3ec169d2276ddab16f1e407384f,USDS,4808248,mint,plumbing,new,0x0000000000000000000000000000000000000000,,,0x210cfcf53d1f9648c1c4dcaee677f0cb06914364,Core Council Buffer,
2026-03-02,0xdac2121d767cc100190a6f64ef26d5849af523a3fb0b92d9d6155f336990f289,310,0x4c56b1b1554b1230349d66f665814641a609c569,0x6b175474e89094c44da98b954eedeac495271d0f,DAI,240412,mint,plumbing,new,0x0000000000000000000000000000000000000000,,,0xbe8e3e3618f7474f8cb1d074a26affef007e98fb,MCD_PAUSE_PROXY,
2026-03-02,0xdac2121d767cc100190a6f64ef26d5849af523a3fb0b92d9d6155f336990f289,313,0x4c56b1b1554b1230349d66f665814641a609c569,0x6b175474e89094c44da98b954eedeac495271d0f,DAI,240412,transfer,plumbing,new,0xbe8e3e3618f7474f8cb1d074a26affef007e98fb,MCD_PAUSE_PROXY,,0x3225737a9bbb6473cb4a45b7244aca2befdb276a,DAI_USDS,
2026-03-02,0xdac2121d767cc100190a6f64ef26d5849af523a3fb0b92d9d6155f336990f289,315,0x4c56b1b1554b1230349d66f665814641a609c569,0x6b175474e89094c44da98b954eedeac495271d0f,DAI,240412,burn,plumbing,new,0x3225737a9bbb6473cb4a45b7244aca2befdb276a,DAI_USDS,,0x0000000000000000000000000000000000000000,,
2026-03-02,0xdac2121d767cc100190a6f64ef26d5849af523a3fb0b92d9d6155f336990f289,318,0x4c56b1b1554b1230349d66f665814641a609c569,0xdc035d45d973e3ec169d2276ddab16f1e407384f,USDS,240412,mint,protocol-outflow,new,0x0000000000000000000000000000000000000000,,,0x37fc5d447c8c54326c62b697f674c93ead2a93a3,,
2026-03-02,0xdac2121d767cc100190a6f64ef26d5849af523a3fb0b92d9d6155f336990f289,321,0x4c56b1b1554b1230349d66f665814641a609c569,0x56072c95faa701256059aa122697b133aded9279,SKY,3717592.592592592592592592,transfer,plumbing,new,0xbe8e3e3618f7474f8cb1d074a26affef007e98fb,MCD_PAUSE_PROXY,,0x675671a8756ddb69f7254afb030865388ef699ee,REWARDS_DIST_LSSKY_SKY,
2026-03-02,0xdac2121d767cc100190a6f64ef26d5849af523a3fb0b92d9d6155f336990f289,323,0x4c56b1b1554b1230349d66f665814641a609c569,0x56072c95faa701256059aa122697b133aded9279,SKY,3717592.592592592592592592,transfer,plumbing,new,0x675671a8756ddb69f7254afb030865388ef699ee,REWARDS_DIST_LSSKY_SKY,,0xb44c2fb4181d7cb06bdff34a46fdfe4a259b40fc,REWARDS_LSSKY_SKY,
2026-03-30,0xbebdd875ef02efe938554d4ea04b5822db0d69bef95c789c27b84b5206b404eb,14,0x415396c98a5b42c0d97e4e80cb5c9079369ea4d8,0x6b175474e89094c44da98b954eedeac495271d0f,DAI,25000000,mint,plumbing,new,0x0000000000000000000000000000000000000000,,,0xbe8e3e3618f7474f8cb1d074a26affef007e98fb,MCD_PAUSE_PROXY,
2026-03-30,0xbebdd875ef02efe938554d4ea04b5822db0d69bef95c789c27b84b5206b404eb,17,0x415396c98a5b42c0d97e4e80cb5c9079369ea4d8,0x6b175474e89094c44da98b954eedeac495271d0f,DAI,25000000,transfer,plumbing,new,0xbe8e3e3618f7474f8cb1d074a26affef007e98fb,MCD_PAUSE_PROXY,,0x3225737a9bbb6473cb4a45b7244aca2befdb276a,DAI_USDS,
2026-03-30,0xbebdd875ef02efe938554d4ea04b5822db0d69bef95c789c27b84b5206b404eb,19,0x415396c98a5b42c0d97e4e80cb5c9079369ea4d8,0x6b175474e89094c44da98b954eedeac495271d0f,DAI,25000000,burn,plumbing,new,0x3225737a9bbb6473cb4a45b7244aca2befdb276a,DAI_USDS,,0x0000000000000000000000000000000000000000,,
2026-03-30,0xbebdd875ef02efe938554d4ea04b5822db0d69bef95c789c27b84b5206b404eb,22,0x415396c98a5b42c0d97e4e80cb5c9079369ea4d8,0xdc035d45d973e3ec169d2276ddab16f1e407384f,USDS,25000000,mint,capital-transfer,payments.csv,0x0000000000000000000000000000000000000000,,,0xf33b14329e7115dd0b40dbb2985e1a0df10e3faa,AMATSU_SUBPROXY,AMATSU
2026-03-30,0xbebdd875ef02efe938554d4ea04b5822db0d69bef95c789c27b84b5206b404eb,27,0x415396c98a5b42c0d97e4e80cb5c9079369ea4d8,0x6b175474e89094c44da98b954eedeac495271d0f,DAI,25000000,mint,plumbing,new,0x0000000000000000000000000000000000000000,,,0xbe8e3e3618f7474f8cb1d074a26affef007e98fb,MCD_PAUSE_PROXY,
2026-03-30,0xbebdd875ef02efe938554d4ea04b5822db0d69bef95c789c27b84b5206b404eb,30,0x415396c98a5b42c0d97e4e80cb5c9079369ea4d8,0x6b175474e89094c44da98b954eedeac495271d0f,DAI,25000000,transfer,plumbing,new,0xbe8e3e3618f7474f8cb1d074a26affef007e98fb,MCD_PAUSE_PROXY,,0x3225737a9bbb6473cb4a45b7244aca2befdb276a,DAI_USDS,
2026-03-30,0xbebdd875ef02efe938554d4ea04b5822db0d69bef95c789c27b84b5206b404eb,32,0x415396c98a5b42c0d97e4e80cb5c9079369ea4d8,0x6b175474e89094c44da98b954eedeac495271d0f,DAI,25000000,burn,plumbing,new,0x3225737a9bbb6473cb4a45b7244aca2befdb276a,DAI_USDS,,0x0000000000000000000000000000000000000000,,
2026-03-30,0xbebdd875ef02efe938554d4ea04b5822db0d69bef95c789c27b84b5206b404eb,35,0x415396c98a5b42c0d97e4e80cb5c9079369ea4d8,0xdc035d45d973e3ec169d2276ddab16f1e407384f,USDS,25000000,mint,capital-transfer,payments.csv,0x0000000000000000000000000000000000000000,,,0x9fe628bfc33f0352bb1f93168881a9ef93c8d2cf,OZONE_SUBPROXY,OZONE
2026-03-30,0xbebdd875ef02efe938554d4ea04b5822db0d69bef95c789c27b84b5206b404eb,40,0x415396c98a5b42c0d97e4e80cb5c9079369ea4d8,0x6b175474e89094c44da98b954eedeac495271d0f,DAI,10000000,mint,plumbing,new,0x0000000000000000000000000000000000000000,,,0xbe8e3e3618f7474f8cb1d074a26affef007e98fb,MCD_PAUSE_PROXY,
2026-03-30,0xbebdd875ef02efe938554d4ea04b5822db0d69bef95c789c27b84b5206b404eb,43,0x415396c98a5b42c0d97e4e80cb5c9079369ea4d8,0x6b175474e89094c44da98b954eedeac495271d0f,DAI,10000000,transfer,plumbing,new,0xbe8e3e3618f7474f8cb1d074a26affef007e98fb,MCD_PAUSE_PROXY,,0x3225737a9bbb6473cb4a45b7244aca2befdb276a,DAI_USDS,
2026-03-30,0xbebdd875ef02efe938554d4ea04b5822db0d69bef95c789c27b84b5206b404eb,45,0x415396c98a5b42c0d97e4e80cb5c9079369ea4d8,0x6b175474e89094c44da98b954eedeac495271d0f,DAI,10000000,burn,plumbing,new,0x3225737a9bbb6473cb4a45b7244aca2befdb276a,DAI_USDS,,0x0000000000000000000000000000000000000000,,
2026-03-30,0xbebdd875ef02efe938554d4ea04b5822db0d69bef95c789c27b84b5206b404eb,48,0x415396c98a5b42c0d97e4e80cb5c9079369ea4d8,0xdc035d45d973e3ec169d2276ddab16f1e407384f,USDS,10000000,mint,capital-transfer,payments.csv,0x0000000000000000000000000000000000000000,,,0x355cd90ecb1b409fdf8b64c4473c3b858da2c310,KEEL_SUBPROXY,KEEL
2026-03-30,0xbebdd875ef02efe938554d4ea04b5822db0d69bef95c789c27b84b5206b404eb,53,0x415396c98a5b42c0d97e4e80cb5c9079369ea4d8,0x6b175474e89094c44da98b954eedeac495271d0f,DAI,10000000,mint,plumbing,new,0x0000000000000000000000000000000000000000,,,0xbe8e3e3618f7474f8cb1d074a26affef007e98fb,MCD_PAUSE_PROXY,
2026-03-30,0xbebdd875ef02efe938554d4ea04b5822db0d69bef95c789c27b84b5206b404eb,56,0x415396c98a5b42c0d97e4e80cb5c9079369ea4d8,0x6b175474e89094c44da98b954eedeac495271d0f,DAI,10000000,transfer,plumbing,new,0xbe8e3e3618f7474f8cb1d074a26affef007e98fb,MCD_PAUSE_PROXY,,0x3225737a9bbb6473cb4a45b7244aca2befdb276a,DAI_USDS,
2026-03-30,0xbebdd875ef02efe938554d4ea04b5822db0d69bef95c789c27b84b5206b404eb,58,0x415396c98a5b42c0d97e4e80cb5c9079369ea4d8,0x6b175474e89094c44da98b954eedeac495271d0f,DAI,10000000,burn,plumbing,new,0x3225737a9bbb6473cb4a45b7244aca2befdb276a,DAI_USDS,,0x0000000000000000000000000000000000000000,,
2026-03-30,0xbebdd875ef02efe938554d4ea04b5822db0d69bef95c789c27b84b5206b404eb,61,0x415396c98a5b42c0d97e4e80cb5c9079369ea4d8,0xdc035d45d973e3ec169d2276ddab16f1e407384f,USDS,10000000,mint,capital-transfer,payments.csv,0x0000000000000000000000000000000000000000,,,0x24fdcd3bfa5c2553e05b2f9ad0365ebc296278d3,PRYSM_SUBPROXY,PRYSM
2026-03-30,0xbebdd875ef02efe938554d4ea04b5822db0d69bef95c789c27b84b5206b404eb,70,0x415396c98a5b42c0d97e4e80cb5c9079369ea4d8,0x6b175474e89094c44da98b954eedeac495271d0f,DAI,1265132,mint,plumbing,new,0x0000000000000000000000000000000000000000,,,0xbe8e3e3618f7474f8cb1d074a26affef007e98fb,MCD_PAUSE_PROXY,
2026-03-30,0xbebdd875ef02efe938554d4ea04b5822db0d69bef95c789c27b84b5206b404eb,73,0x415396c98a5b42c0d97e4e80cb5c9079369ea4d8,0x6b175474e89094c44da98b954eedeac495271d0f,DAI,1265132,transfer,plumbing,new,0xbe8e3e3618f7474f8cb1d074a26affef007e98fb,MCD_PAUSE_PROXY,,0x3225737a9bbb6473cb4a45b7244aca2befdb276a,DAI_USDS,
2026-03-30,0xbebdd875ef02efe938554d4ea04b5822db0d69bef95c789c27b84b5206b404eb,75,0x415396c98a5b42c0d97e4e80cb5c9079369ea4d8,0x6b175474e89094c44da98b954eedeac495271d0f,DAI,1265132,burn,plumbing,new,0x3225737a9bbb6473cb4a45b7244aca2befdb276a,DAI_USDS,,0x0000000000000000000000000000000000000000,,
2026-03-30,0xbebdd875ef02efe938554d4ea04b5822db0d69bef95c789c27b84b5206b404eb,78,0x415396c98a5b42c0d97e4e80cb5c9079369ea4d8,0xdc035d45d973e3ec169d2276ddab16f1e407384f,USDS,1265132,mint,msc-payment,payments.csv,0x0000000000000000000000000000000000000000,,,0x3300f198988e4c9c63f75df86de36421f06af8c4,SPARK_SUBPROXY,SPARK
2026-03-30,0xbebdd875ef02efe938554d4ea04b5822db0d69bef95c789c27b84b5206b404eb,87,0x415396c98a5b42c0d97e4e80cb5c9079369ea4d8,0x6b175474e89094c44da98b954eedeac495271d0f,DAI,5630,mint,plumbing,new,0x0000000000000000000000000000000000000000,,,0xbe8e3e3618f7474f8cb1d074a26affef007e98fb,MCD_PAUSE_PROXY,
2026-03-30,0xbebdd875ef02efe938554d4ea04b5822db0d69bef95c789c27b84b5206b404eb,90,0x415396c98a5b42c0d97e4e80cb5c9079369ea4d8,0x6b175474e89094c44da98b954eedeac495271d0f,DAI,5630,transfer,plumbing,new,0xbe8e3e3618f7474f8cb1d074a26affef007e98fb,MCD_PAUSE_PROXY,,0x3225737a9bbb6473cb4a45b7244aca2befdb276a,DAI_USDS,
2026-03-30,0xbebdd875ef02efe938554d4ea04b5822db0d69bef95c789c27b84b5206b404eb,92,0x415396c98a5b42c0d97e4e80cb5c9079369ea4d8,0x6b175474e89094c44da98b954eedeac495271d0f,DAI,5630,burn,plumbing,new,0x3225737a9bbb6473cb4a45b7244aca2befdb276a,DAI_USDS,,0x0000000000000000000000000000000000000000,,
2026-03-30,0xbebdd875ef02efe938554d4ea04b5822db0d69bef95c789c27b84b5206b404eb,95,0x415396c98a5b42c0d97e4e80cb5c9079369ea4d8,0xdc035d45d973e3ec169d2276ddab16f1e407384f,USDS,5630,mint,msc-payment,payments.csv,0x0000000000000000000000000000000000000000,,,0x1369f7b2b38c76b6478c0f0e66d94923421891ba,GROVE_SUBPROXY,GROVE
2026-03-30,0xbebdd875ef02efe938554d4ea04b5822db0d69bef95c789c27b84b5206b404eb,104,0x415396c98a5b42c0d97e4e80cb5c9079369ea4d8,0x6b175474e89094c44da98b954eedeac495271d0f,DAI,65719,mint,plumbing,new,0x0000000000000000000000000000000000000000,,,0xbe8e3e3618f7474f8cb1d074a26affef007e98fb,MCD_PAUSE_PROXY,
2026-03-30,0xbebdd875ef02efe938554d4ea04b5822db0d69bef95c789c27b84b5206b404eb,107,0x415396c98a5b42c0d97e4e80cb5c9079369ea4d8,0x6b175474e89094c44da98b954eedeac495271d0f,DAI,65719,transfer,plumbing,new,0xbe8e3e3618f7474f8cb1d074a26affef007e98fb,MCD_PAUSE_PROXY,,0x3225737a9bbb6473cb4a45b7244aca2befdb276a,DAI_USDS,
2026-03-30,0xbebdd875ef02efe938554d4ea04b5822db0d69bef95c789c27b84b5206b404eb,109,0x415396c98a5b42c0d97e4e80cb5c9079369ea4d8,0x6b175474e89094c44da98b954eedeac495271d0f,DAI,65719,burn,plumbing,new,0x3225737a9bbb6473cb4a45b7244aca2befdb276a,DAI_USDS,,0x0000000000000000000000000000000000000000,,
2026-03-30,0xbebdd875ef02efe938554d4ea04b5822db0d69bef95c789c27b84b5206b404eb,112,0x415396c98a5b42c0d97e4e80cb5c9079369ea4d8,0xdc035d45d973e3ec169d2276ddab16f1e407384f,USDS,65719,mint,msc-payment,payments.csv,0x0000000000000000000000000000000000000000,,,0x8be042581f581e3620e29f213ea8b94afa1c8071,OBEX_SUBPROXY,OBEX
2026-03-30,0xbebdd875ef02efe938554d4ea04b5822db0d69bef95c789c27b84b5206b404eb,117,0x415396c98a5b42c0d97e4e80cb5c9079369ea4d8,0x6b175474e89094c44da98b954eedeac495271d0f,DAI,203134,mint,plumbing,new,0x0000000000000000000000000000000000000000,,,0xbe8e3e3618f7474f8cb1d074a26affef007e98fb,MCD_PAUSE_PROXY,
2026-03-30,0xbebdd875ef02efe938554d4ea04b5822db0d69bef95c789c27b84b5206b404eb,120,0x415396c98a5b42c0d97e4e80cb5c9079369ea4d8,0x6b175474e89094c44da98b954eedeac495271d0f,DAI,203134,transfer,plumbing,new,0xbe8e3e3618f7474f8cb1d074a26affef007e98fb,MCD_PAUSE_PROXY,,0x3225737a9bbb6473cb4a45b7244aca2befdb276a,DAI_USDS,
2026-03-30,0xbebdd875ef02efe938554d4ea04b5822db0d69bef95c789c27b84b5206b404eb,122,0x415396c98a5b42c0d97e4e80cb5c9079369ea4d8,0x6b175474e89094c44da98b954eedeac495271d0f,DAI,203134,burn,plumbing,new,0x3225737a9bbb6473cb4a45b7244aca2befdb276a,DAI_USDS,,0x0000000000000000000000000000000000000000,,
2026-03-30,0xbebdd875ef02efe938554d4ea04b5822db0d69bef95c789c27b84b5206b404eb,125,0x415396c98a5b42c0d97e4e80cb5c9079369ea4d8,0xdc035d45d973e3ec169d2276ddab16f1e407384f,USDS,203134,mint,msc-payment,payments.csv,0x0000000000000000000000000000000000000000,,,0x08978e3700859e476201c1d7438b3427e3c81140,SKYBASE_SUBPROXY,SKYBASE
2026-03-30,0xbebdd875ef02efe938554d4ea04b5822db0d69bef95c789c27b84b5206b404eb,130,0x415396c98a5b42c0d97e4e80cb5c9079369ea4d8,0x6b175474e89094c44da98b954eedeac495271d0f,DAI,2545907,mint,plumbing,new,0x0000000000000000000000000000000000000000,,,0xbe8e3e3618f7474f8cb1d074a26affef007e98fb,MCD_PAUSE_PROXY,
2026-03-30,0xbebdd875ef02efe938554d4ea04b5822db0d69bef95c789c27b84b5206b404eb,133,0x415396c98a5b42c0d97e4e80cb5c9079369ea4d8,0x6b175474e89094c44da98b954eedeac495271d0f,DAI,2545907,transfer,plumbing,new,0xbe8e3e3618f7474f8cb1d074a26affef007e98fb,MCD_PAUSE_PROXY,,0x3225737a9bbb6473cb4a45b7244aca2befdb276a,DAI_USDS,
2026-03-30,0xbebdd875ef02efe938554d4ea04b5822db0d69bef95c789c27b84b5206b404eb,135,0x415396c98a5b42c0d97e4e80cb5c9079369ea4d8,0x6b175474e89094c44da98b954eedeac495271d0f,DAI,2545907,burn,plumbing,new,0x3225737a9bbb6473cb4a45b7244aca2befdb276a,DAI_USDS,,0x0000000000000000000000000000000000000000,,
2026-03-30,0xbebdd875ef02efe938554d4ea04b5822db0d69bef95c789c27b84b5206b404eb,138,0x415396c98a5b42c0d97e4e80cb5c9079369ea4d8,0xdc035d45d973e3ec169d2276ddab16f1e407384f,USDS,2545907,mint,plumbing,new,0x0000000000000000000000000000000000000000,,,0x210cfcf53d1f9648c1c4dcaee677f0cb06914364,Core Council Buffer,
2026-03-30,0xbebdd875ef02efe938554d4ea04b5822db0d69bef95c789c27b84b5206b404eb,143,0x415396c98a5b42c0d97e4e80cb5c9079369ea4d8,0x6b175474e89094c44da98b954eedeac495271d0f,DAI,127295,mint,plumbing,new,0x0000000000000000000000000000000000000000,,,0xbe8e3e3618f7474f8cb1d074a26affef007e98fb,MCD_PAUSE_PROXY,
2026-03-30,0xbebdd875ef02efe938554d4ea04b5822db0d69bef95c789c27b84b5206b404eb,146,0x415396c98a5b42c0d97e4e80cb5c9079369ea4d8,0x6b175474e89094c44da98b954eedeac495271d0f,DAI,127295,transfer,plumbing,new,0xbe8e3e3618f7474f8cb1d074a26affef007e98fb,MCD_PAUSE_PROXY,,0x3225737a9bbb6473cb4a45b7244aca2befdb276a,DAI_USDS,
2026-03-30,0xbebdd875ef02efe938554d4ea04b5822db0d69bef95c789c27b84b5206b404eb,148,0x415396c98a5b42c0d97e4e80cb5c9079369ea4d8,0x6b175474e89094c44da98b954eedeac495271d0f,DAI,127295,burn,plumbing,new,0x3225737a9bbb6473cb4a45b7244aca2befdb276a,DAI_USDS,,0x0000000000000000000000000000000000000000,,
2026-03-30,0xbebdd875ef02efe938554d4ea04b5822db0d69bef95c789c27b84b5206b404eb,151,0x415396c98a5b42c0d97e4e80cb5c9079369ea4d8,0xdc035d45d973e3ec169d2276ddab16f1e407384f,USDS,127295,mint,protocol-outflow,new,0x0000000000000000000000000000000000000000,,,0x37fc5d447c8c54326c62b697f674c93ead2a93a3,,
2026-04-13,0x765fe431f6be000ea8a46fd5d3ef1d6022b7a0e7a4d95b531213fb0bd348179c,64,0x70da14478667c08320ef65506063abba84b6990f,0x56072c95faa701256059aa122697b133aded9279,SKY,1168669.344375,transfer,plumbing,new,0xbe8e3e3618f7474f8cb1d074a26affef007e98fb,MCD_PAUSE_PROXY,,0x675671a8756ddb69f7254afb030865388ef699ee,REWARDS_DIST_LSSKY_SKY,
2026-04-13,0x765fe431f6be000ea8a46fd5d3ef1d6022b7a0e7a4d95b531213fb0bd348179c,66,0x70da14478667c08320ef65506063abba84b6990f,0x56072c95faa701256059aa122697b133aded9279,SKY,1168669.344375,transfer,plumbing,new,0x675671a8756ddb69f7254afb030865388ef699ee,REWARDS_DIST_LSSKY_SKY,,0xb44c2fb4181d7cb06bdff34a46fdfe4a259b40fc,REWARDS_LSSKY_SKY,
2026-04-13,0x765fe431f6be000ea8a46fd5d3ef1d6022b7a0e7a4d95b531213fb0bd348179c,76,0x70da14478667c08320ef65506063abba84b6990f,0x6b175474e89094c44da98b954eedeac495271d0f,DAI,20797477,mint,plumbing,new,0x0000000000000000000000000000000000000000,,,0xbe8e3e3618f7474f8cb1d074a26affef007e98fb,MCD_PAUSE_PROXY,
2026-04-13,0x765fe431f6be000ea8a46fd5d3ef1d6022b7a0e7a4d95b531213fb0bd348179c,79,0x70da14478667c08320ef65506063abba84b6990f,0x6b175474e89094c44da98b954eedeac495271d0f,DAI,20797477,transfer,plumbing,new,0xbe8e3e3618f7474f8cb1d074a26affef007e98fb,MCD_PAUSE_PROXY,,0x3225737a9bbb6473cb4a45b7244aca2befdb276a,DAI_USDS,
2026-04-13,0x765fe431f6be000ea8a46fd5d3ef1d6022b7a0e7a4d95b531213fb0bd348179c,81,0x70da14478667c08320ef65506063abba84b6990f,0x6b175474e89094c44da98b954eedeac495271d0f,DAI,20797477,burn,plumbing,new,0x3225737a9bbb6473cb4a45b7244aca2befdb276a,DAI_USDS,,0x0000000000000000000000000000000000000000,,
2026-04-13,0x765fe431f6be000ea8a46fd5d3ef1d6022b7a0e7a4d95b531213fb0bd348179c,84,0x70da14478667c08320ef65506063abba84b6990f,0xdc035d45d973e3ec169d2276ddab16f1e407384f,USDS,20797477,mint,capital-transfer,payments.csv,0x0000000000000000000000000000000000000000,,,0x1369f7b2b38c76b6478c0f0e66d94923421891ba,GROVE_SUBPROXY,GROVE
2026-04-27,0xa02c0c6809d65b0f6b1f32c4dd6aa974052b798f02e0fbbb1d3e4d39e98cd5db,404,0x06851b5235cefb29c60ef3b29eb1f661d960b125,0x6b175474e89094c44da98b954eedeac495271d0f,DAI,1725726,mint,plumbing,new,0x0000000000000000000000000000000000000000,,,0xbe8e3e3618f7474f8cb1d074a26affef007e98fb,MCD_PAUSE_PROXY,
2026-04-27,0xa02c0c6809d65b0f6b1f32c4dd6aa974052b798f02e0fbbb1d3e4d39e98cd5db,407,0x06851b5235cefb29c60ef3b29eb1f661d960b125,0x6b175474e89094c44da98b954eedeac495271d0f,DAI,1725726,transfer,plumbing,new,0xbe8e3e3618f7474f8cb1d074a26affef007e98fb,MCD_PAUSE_PROXY,,0x3225737a9bbb6473cb4a45b7244aca2befdb276a,DAI_USDS,
2026-04-27,0xa02c0c6809d65b0f6b1f32c4dd6aa974052b798f02e0fbbb1d3e4d39e98cd5db,409,0x06851b5235cefb29c60ef3b29eb1f661d960b125,0x6b175474e89094c44da98b954eedeac495271d0f,DAI,1725726,burn,plumbing,new,0x3225737a9bbb6473cb4a45b7244aca2befdb276a,DAI_USDS,,0x0000000000000000000000000000000000000000,,
2026-04-27,0xa02c0c6809d65b0f6b1f32c4dd6aa974052b798f02e0fbbb1d3e4d39e98cd5db,412,0x06851b5235cefb29c60ef3b29eb1f661d960b125,0xdc035d45d973e3ec169d2276ddab16f1e407384f,USDS,1725726,mint,msc-payment,payments.csv,0x0000000000000000000000000000000000000000,,,0x3300f198988e4c9c63f75df86de36421f06af8c4,SPARK_SUBPROXY,SPARK
2026-04-27,0xa02c0c6809d65b0f6b1f32c4dd6aa974052b798f02e0fbbb1d3e4d39e98cd5db,421,0x06851b5235cefb29c60ef3b29eb1f661d960b125,0x6b175474e89094c44da98b954eedeac495271d0f,DAI,138412,mint,plumbing,new,0x0000000000000000000000000000000000000000,,,0xbe8e3e3618f7474f8cb1d074a26affef007e98fb,MCD_PAUSE_PROXY,
2026-04-27,0xa02c0c6809d65b0f6b1f32c4dd6aa974052b798f02e0fbbb1d3e4d39e98cd5db,424,0x06851b5235cefb29c60ef3b29eb1f661d960b125,0x6b175474e89094c44da98b954eedeac495271d0f,DAI,138412,transfer,plumbing,new,0xbe8e3e3618f7474f8cb1d074a26affef007e98fb,MCD_PAUSE_PROXY,,0x3225737a9bbb6473cb4a45b7244aca2befdb276a,DAI_USDS,
2026-04-27,0xa02c0c6809d65b0f6b1f32c4dd6aa974052b798f02e0fbbb1d3e4d39e98cd5db,426,0x06851b5235cefb29c60ef3b29eb1f661d960b125,0x6b175474e89094c44da98b954eedeac495271d0f,DAI,138412,burn,plumbing,new,0x3225737a9bbb6473cb4a45b7244aca2befdb276a,DAI_USDS,,0x0000000000000000000000000000000000000000,,
2026-04-27,0xa02c0c6809d65b0f6b1f32c4dd6aa974052b798f02e0fbbb1d3e4d39e98cd5db,429,0x06851b5235cefb29c60ef3b29eb1f661d960b125,0xdc035d45d973e3ec169d2276ddab16f1e407384f,USDS,138412,mint,msc-payment,payments.csv,0x0000000000000000000000000000000000000000,,,0x1369f7b2b38c76b6478c0f0e66d94923421891ba,GROVE_SUBPROXY,GROVE
2026-04-27,0xa02c0c6809d65b0f6b1f32c4dd6aa974052b798f02e0fbbb1d3e4d39e98cd5db,434,0x06851b5235cefb29c60ef3b29eb1f661d960b125,0x6b175474e89094c44da98b954eedeac495271d0f,DAI,30241,mint,plumbing,new,0x0000000000000000000000000000000000000000,,,0xbe8e3e3618f7474f8cb1d074a26affef007e98fb,MCD_PAUSE_PROXY,
2026-04-27,0xa02c0c6809d65b0f6b1f32c4dd6aa974052b798f02e0fbbb1d3e4d39e98cd5db,437,0x06851b5235cefb29c60ef3b29eb1f661d960b125,0x6b175474e89094c44da98b954eedeac495271d0f,DAI,30241,transfer,plumbing,new,0xbe8e3e3618f7474f8cb1d074a26affef007e98fb,MCD_PAUSE_PROXY,,0x3225737a9bbb6473cb4a45b7244aca2befdb276a,DAI_USDS,
2026-04-27,0xa02c0c6809d65b0f6b1f32c4dd6aa974052b798f02e0fbbb1d3e4d39e98cd5db,439,0x06851b5235cefb29c60ef3b29eb1f661d960b125,0x6b175474e89094c44da98b954eedeac495271d0f,DAI,30241,burn,plumbing,new,0x3225737a9bbb6473cb4a45b7244aca2befdb276a,DAI_USDS,,0x0000000000000000000000000000000000000000,,
2026-04-27,0xa02c0c6809d65b0f6b1f32c4dd6aa974052b798f02e0fbbb1d3e4d39e98cd5db,442,0x06851b5235cefb29c60ef3b29eb1f661d960b125,0xdc035d45d973e3ec169d2276ddab16f1e407384f,USDS,30241,mint,msc-payment,payments.csv,0x0000000000000000000000000000000000000000,,,0x355cd90ecb1b409fdf8b64c4473c3b858da2c310,KEEL_SUBPROXY,KEEL
2026-04-27,0xa02c0c6809d65b0f6b1f32c4dd6aa974052b798f02e0fbbb1d3e4d39e98cd5db,451,0x06851b5235cefb29c60ef3b29eb1f661d960b125,0x6b175474e89094c44da98b954eedeac495271d0f,DAI,69793,mint,plumbing,new,0x0000000000000000000000000000000000000000,,,0xbe8e3e3618f7474f8cb1d074a26affef007e98fb,MCD_PAUSE_PROXY,
2026-04-27,0xa02c0c6809d65b0f6b1f32c4dd6aa974052b798f02e0fbbb1d3e4d39e98cd5db,454,0x06851b5235cefb29c60ef3b29eb1f661d960b125,0x6b175474e89094c44da98b954eedeac495271d0f,DAI,69793,transfer,plumbing,new,0xbe8e3e3618f7474f8cb1d074a26affef007e98fb,MCD_PAUSE_PROXY,,0x3225737a9bbb6473cb4a45b7244aca2befdb276a,DAI_USDS,
2026-04-27,0xa02c0c6809d65b0f6b1f32c4dd6aa974052b798f02e0fbbb1d3e4d39e98cd5db,456,0x06851b5235cefb29c60ef3b29eb1f661d960b125,0x6b175474e89094c44da98b954eedeac495271d0f,DAI,69793,burn,plumbing,new,0x3225737a9bbb6473cb4a45b7244aca2befdb276a,DAI_USDS,,0x0000000000000000000000000000000000000000,,
2026-04-27,0xa02c0c6809d65b0f6b1f32c4dd6aa974052b798f02e0fbbb1d3e4d39e98cd5db,459,0x06851b5235cefb29c60ef3b29eb1f661d960b125,0xdc035d45d973e3ec169d2276ddab16f1e407384f,USDS,69793,mint,msc-payment,payments.csv,0x0000000000000000000000000000000000000000,,,0x8be042581f581e3620e29f213ea8b94afa1c8071,OBEX_SUBPROXY,OBEX
2026-04-27,0xa02c0c6809d65b0f6b1f32c4dd6aa974052b798f02e0fbbb1d3e4d39e98cd5db,464,0x06851b5235cefb29c60ef3b29eb1f661d960b125,0x6b175474e89094c44da98b954eedeac495271d0f,DAI,225299,mint,plumbing,new,0x0000000000000000000000000000000000000000,,,0xbe8e3e3618f7474f8cb1d074a26affef007e98fb,MCD_PAUSE_PROXY,
2026-04-27,0xa02c0c6809d65b0f6b1f32c4dd6aa974052b798f02e0fbbb1d3e4d39e98cd5db,467,0x06851b5235cefb29c60ef3b29eb1f661d960b125,0x6b175474e89094c44da98b954eedeac495271d0f,DAI,225299,transfer,plumbing,new,0xbe8e3e3618f7474f8cb1d074a26affef007e98fb,MCD_PAUSE_PROXY,,0x3225737a9bbb6473cb4a45b7244aca2befdb276a,DAI_USDS,
2026-04-27,0xa02c0c6809d65b0f6b1f32c4dd6aa974052b798f02e0fbbb1d3e4d39e98cd5db,469,0x06851b5235cefb29c60ef3b29eb1f661d960b125,0x6b175474e89094c44da98b954eedeac495271d0f,DAI,225299,burn,plumbing,new,0x3225737a9bbb6473cb4a45b7244aca2befdb276a,DAI_USDS,,0x0000000000000000000000000000000000000000,,
2026-04-27,0xa02c0c6809d65b0f6b1f32c4dd6aa974052b798f02e0fbbb1d3e4d39e98cd5db,472,0x06851b5235cefb29c60ef3b29eb1f661d960b125,0xdc035d45d973e3ec169d2276ddab16f1e407384f,USDS,225299,mint,msc-payment,payments.csv,0x0000000000000000000000000000000000000000,,,0x08978e3700859e476201c1d7438b3427e3c81140,SKYBASE_SUBPROXY,SKYBASE
2026-04-27,0xa02c0c6809d65b0f6b1f32c4dd6aa974052b798f02e0fbbb1d3e4d39e98cd5db,477,0x06851b5235cefb29c60ef3b29eb1f661d960b125,0x6b175474e89094c44da98b954eedeac495271d0f,DAI,678176,mint,plumbing,new,0x0000000000000000000000000000000000000000,,,0xbe8e3e3618f7474f8cb1d074a26affef007e98fb,MCD_PAUSE_PROXY,
2026-04-27,0xa02c0c6809d65b0f6b1f32c4dd6aa974052b798f02e0fbbb1d3e4d39e98cd5db,480,0x06851b5235cefb29c60ef3b29eb1f661d960b125,0x6b175474e89094c44da98b954eedeac495271d0f,DAI,678176,transfer,plumbing,new,0xbe8e3e3618f7474f8cb1d074a26affef007e98fb,MCD_PAUSE_PROXY,,0x3225737a9bbb6473cb4a45b7244aca2befdb276a,DAI_USDS,
2026-04-27,0xa02c0c6809d65b0f6b1f32c4dd6aa974052b798f02e0fbbb1d3e4d39e98cd5db,482,0x06851b5235cefb29c60ef3b29eb1f661d960b125,0x6b175474e89094c44da98b954eedeac495271d0f,DAI,678176,burn,plumbing,new,0x3225737a9bbb6473cb4a45b7244aca2befdb276a,DAI_USDS,,0x0000000000000000000000000000000000000000,,
2026-04-27,0xa02c0c6809d65b0f6b1f32c4dd6aa974052b798f02e0fbbb1d3e4d39e98cd5db,485,0x06851b5235cefb29c60ef3b29eb1f661d960b125,0xdc035d45d973e3ec169d2276ddab16f1e407384f,USDS,678176,mint,plumbing,new,0x0000000000000000000000000000000000000000,,,0x210cfcf53d1f9648c1c4dcaee677f0cb06914364,Core Council Buffer,
2026-04-27,0xa02c0c6809d65b0f6b1f32c4dd6aa974052b798f02e0fbbb1d3e4d39e98cd5db,490,0x06851b5235cefb29c60ef3b29eb1f661d960b125,0x6b175474e89094c44da98b954eedeac495271d0f,DAI,33908,mint,plumbing,new,0x0000000000000000000000000000000000000000,,,0xbe8e3e3618f7474f8cb1d074a26affef007e98fb,MCD_PAUSE_PROXY,
2026-04-27,0xa02c0c6809d65b0f6b1f32c4dd6aa974052b798f02e0fbbb1d3e4d39e98cd5db,493,0x06851b5235cefb29c60ef3b29eb1f661d960b125,0x6b175474e89094c44da98b954eedeac495271d0f,DAI,33908,transfer,plumbing,new,0xbe8e3e3618f7474f8cb1d074a26affef007e98fb,MCD_PAUSE_PROXY,,0x3225737a9bbb6473cb4a45b7244aca2befdb276a,DAI_USDS,
2026-04-27,0xa02c0c6809d65b0f6b1f32c4dd6aa974052b798f02e0fbbb1d3e4d39e98cd5db,495,0x06851b5235cefb29c60ef3b29eb1f661d960b125,0x6b175474e89094c44da98b954eedeac495271d0f,DAI,33908,burn,plumbing,new,0x3225737a9bbb6473cb4a45b7244aca2befdb276a,DAI_USDS,,0x0000000000000000000000000000000000000000,,
2026-04-27,0xa02c0c6809d65b0f6b1f32c4dd6aa974052b798f02e0fbbb1d3e4d39e98cd5db,498,0x06851b5235cefb29c60ef3b29eb1f661d960b125,0xdc035d45d973e3ec169d2276ddab16f1e407384f,USDS,33908,mint,protocol-outflow,new,0x0000000000000000000000000000000000000000,,,0x37fc5d447c8c54326c62b697f674c93ead2a93a3,,
2026-04-27,0xa02c0c6809d65b0f6b1f32c4dd6aa974052b798f02e0fbbb1d3e4d39e98cd5db,501,0x06851b5235cefb29c60ef3b29eb1f661d960b125,0x56072c95faa701256059aa122697b133aded9279,SKY,156237.869898148148148149,transfer,plumbing,new,0xbe8e3e3618f7474f8cb1d074a26affef007e98fb,MCD_PAUSE_PROXY,,0x675671a8756ddb69f7254afb030865388ef699ee,REWARDS_DIST_LSSKY_SKY,
2026-04-27,0xa02c0c6809d65b0f6b1f32c4dd6aa974052b798f02e0fbbb1d3e4d39e98cd5db,503,0x06851b5235cefb29c60ef3b29eb1f661d960b125,0x56072c95faa701256059aa122697b133aded9279,SKY,156237.869898148148148149,transfer,plumbing,new,0x675671a8756ddb69f7254afb030865388ef699ee,REWARDS_DIST_LSSKY_SKY,,0xb44c2fb4181d7cb06bdff34a46fdfe4a259b40fc,REWARDS_LSSKY_SKY,
2026-05-11,0xb03f728b109246f53d8fbc88c6a35584b8df9e2f0281dfca6e6d401adb7230d6,568,0xa0059dadd7fbdbc81a9bb9d1d17ccb029b6af596,0x6b175474e89094c44da98b954eedeac495271d0f,DAI,1512762,mint,plumbing,new,0x0000000000000000000000000000000000000000,,,0xbe8e3e3618f7474f8cb1d074a26affef007e98fb,MCD_PAUSE_PROXY,
2026-05-11,0xb03f728b109246f53d8fbc88c6a35584b8df9e2f0281dfca6e6d401adb7230d6,571,0xa0059dadd7fbdbc81a9bb9d1d17ccb029b6af596,0x6b175474e89094c44da98b954eedeac495271d0f,DAI,1512762,transfer,plumbing,new,0xbe8e3e3618f7474f8cb1d074a26affef007e98fb,MCD_PAUSE_PROXY,,0x3225737a9bbb6473cb4a45b7244aca2befdb276a,DAI_USDS,
2026-05-11,0xb03f728b109246f53d8fbc88c6a35584b8df9e2f0281dfca6e6d401adb7230d6,573,0xa0059dadd7fbdbc81a9bb9d1d17ccb029b6af596,0x6b175474e89094c44da98b954eedeac495271d0f,DAI,1512762,burn,plumbing,new,0x3225737a9bbb6473cb4a45b7244aca2befdb276a,DAI_USDS,,0x0000000000000000000000000000000000000000,,
2026-05-11,0xb03f728b109246f53d8fbc88c6a35584b8df9e2f0281dfca6e6d401adb7230d6,576,0xa0059dadd7fbdbc81a9bb9d1d17ccb029b6af596,0xdc035d45d973e3ec169d2276ddab16f1e407384f,USDS,1512762,mint,msc-payment,payments.csv,0x0000000000000000000000000000000000000000,,,0x3300f198988e4c9c63f75df86de36421f06af8c4,SPARK_SUBPROXY,SPARK
2026-05-11,0xb03f728b109246f53d8fbc88c6a35584b8df9e2f0281dfca6e6d401adb7230d6,585,0xa0059dadd7fbdbc81a9bb9d1d17ccb029b6af596,0x6b175474e89094c44da98b954eedeac495271d0f,DAI,241690,mint,plumbing,new,0x0000000000000000000000000000000000000000,,,0xbe8e3e3618f7474f8cb1d074a26affef007e98fb,MCD_PAUSE_PROXY,
2026-05-11,0xb03f728b109246f53d8fbc88c6a35584b8df9e2f0281dfca6e6d401adb7230d6,588,0xa0059dadd7fbdbc81a9bb9d1d17ccb029b6af596,0x6b175474e89094c44da98b954eedeac495271d0f,DAI,241690,transfer,plumbing,new,0xbe8e3e3618f7474f8cb1d074a26affef007e98fb,MCD_PAUSE_PROXY,,0x3225737a9bbb6473cb4a45b7244aca2befdb276a,DAI_USDS,
2026-05-11,0xb03f728b109246f53d8fbc88c6a35584b8df9e2f0281dfca6e6d401adb7230d6,590,0xa0059dadd7fbdbc81a9bb9d1d17ccb029b6af596,0x6b175474e89094c44da98b954eedeac495271d0f,DAI,241690,burn,plumbing,new,0x3225737a9bbb6473cb4a45b7244aca2befdb276a,DAI_USDS,,0x0000000000000000000000000000000000000000,,
2026-05-11,0xb03f728b109246f53d8fbc88c6a35584b8df9e2f0281dfca6e6d401adb7230d6,593,0xa0059dadd7fbdbc81a9bb9d1d17ccb029b6af596,0xdc035d45d973e3ec169d2276ddab16f1e407384f,USDS,241690,mint,msc-payment,payments.csv,0x0000000000000000000000000000000000000000,,,0x1369f7b2b38c76b6478c0f0e66d94923421891ba,GROVE_SUBPROXY,GROVE
2026-05-11,0xb03f728b109246f53d8fbc88c6a35584b8df9e2f0281dfca6e6d401adb7230d6,598,0xa0059dadd7fbdbc81a9bb9d1d17ccb029b6af596,0x6b175474e89094c44da98b954eedeac495271d0f,DAI,52915,mint,plumbing,new,0x0000000000000000000000000000000000000000,,,0xbe8e3e3618f7474f8cb1d074a26affef007e98fb,MCD_PAUSE_PROXY,
2026-05-11,0xb03f728b109246f53d8fbc88c6a35584b8df9e2f0281dfca6e6d401adb7230d6,601,0xa0059dadd7fbdbc81a9bb9d1d17ccb029b6af596,0x6b175474e89094c44da98b954eedeac495271d0f,DAI,52915,transfer,plumbing,new,0xbe8e3e3618f7474f8cb1d074a26affef007e98fb,MCD_PAUSE_PROXY,,0x3225737a9bbb6473cb4a45b7244aca2befdb276a,DAI_USDS,
2026-05-11,0xb03f728b109246f53d8fbc88c6a35584b8df9e2f0281dfca6e6d401adb7230d6,603,0xa0059dadd7fbdbc81a9bb9d1d17ccb029b6af596,0x6b175474e89094c44da98b954eedeac495271d0f,DAI,52915,burn,plumbing,new,0x3225737a9bbb6473cb4a45b7244aca2befdb276a,DAI_USDS,,0x0000000000000000000000000000000000000000,,
2026-05-11,0xb03f728b109246f53d8fbc88c6a35584b8df9e2f0281dfca6e6d401adb7230d6,606,0xa0059dadd7fbdbc81a9bb9d1d17ccb029b6af596,0xdc035d45d973e3ec169d2276ddab16f1e407384f,USDS,52915,mint,msc-payment,payments.csv,0x0000000000000000000000000000000000000000,,,0x355cd90ecb1b409fdf8b64c4473c3b858da2c310,KEEL_SUBPROXY,KEEL
2026-05-11,0xb03f728b109246f53d8fbc88c6a35584b8df9e2f0281dfca6e6d401adb7230d6,615,0xa0059dadd7fbdbc81a9bb9d1d17ccb029b6af596,0x6b175474e89094c44da98b954eedeac495271d0f,DAI,64862,mint,plumbing,new,0x0000000000000000000000000000000000000000,,,0xbe8e3e3618f7474f8cb1d074a26affef007e98fb,MCD_PAUSE_PROXY,
2026-05-11,0xb03f728b109246f53d8fbc88c6a35584b8df9e2f0281dfca6e6d401adb7230d6,618,0xa0059dadd7fbdbc81a9bb9d1d17ccb029b6af596,0x6b175474e89094c44da98b954eedeac495271d0f,DAI,64862,transfer,plumbing,new,0xbe8e3e3618f7474f8cb1d074a26affef007e98fb,MCD_PAUSE_PROXY,,0x3225737a9bbb6473cb4a45b7244aca2befdb276a,DAI_USDS,
2026-05-11,0xb03f728b109246f53d8fbc88c6a35584b8df9e2f0281dfca6e6d401adb7230d6,620,0xa0059dadd7fbdbc81a9bb9d1d17ccb029b6af596,0x6b175474e89094c44da98b954eedeac495271d0f,DAI,64862,burn,plumbing,new,0x3225737a9bbb6473cb4a45b7244aca2befdb276a,DAI_USDS,,0x0000000000000000000000000000000000000000,,
2026-05-11,0xb03f728b109246f53d8fbc88c6a35584b8df9e2f0281dfca6e6d401adb7230d6,623,0xa0059dadd7fbdbc81a9bb9d1d17ccb029b6af596,0xdc035d45d973e3ec169d2276ddab16f1e407384f,USDS,64862,mint,msc-payment,payments.csv,0x0000000000000000000000000000000000000000,,,0x8be042581f581e3620e29f213ea8b94afa1c8071,OBEX_SUBPROXY,OBEX
2026-05-11,0xb03f728b109246f53d8fbc88c6a35584b8df9e2f0281dfca6e6d401adb7230d6,628,0xa0059dadd7fbdbc81a9bb9d1d17ccb029b6af596,0x6b175474e89094c44da98b954eedeac495271d0f,DAI,201469,mint,plumbing,new,0x0000000000000000000000000000000000000000,,,0xbe8e3e3618f7474f8cb1d074a26affef007e98fb,MCD_PAUSE_PROXY,
2026-05-11,0xb03f728b109246f53d8fbc88c6a35584b8df9e2f0281dfca6e6d401adb7230d6,631,0xa0059dadd7fbdbc81a9bb9d1d17ccb029b6af596,0x6b175474e89094c44da98b954eedeac495271d0f,DAI,201469,transfer,plumbing,new,0xbe8e3e3618f7474f8cb1d074a26affef007e98fb,MCD_PAUSE_PROXY,,0x3225737a9bbb6473cb4a45b7244aca2befdb276a,DAI_USDS,
2026-05-11,0xb03f728b109246f53d8fbc88c6a35584b8df9e2f0281dfca6e6d401adb7230d6,633,0xa0059dadd7fbdbc81a9bb9d1d17ccb029b6af596,0x6b175474e89094c44da98b954eedeac495271d0f,DAI,201469,burn,plumbing,new,0x3225737a9bbb6473cb4a45b7244aca2befdb276a,DAI_USDS,,0x0000000000000000000000000000000000000000,,
2026-05-11,0xb03f728b109246f53d8fbc88c6a35584b8df9e2f0281dfca6e6d401adb7230d6,636,0xa0059dadd7fbdbc81a9bb9d1d17ccb029b6af596,0xdc035d45d973e3ec169d2276ddab16f1e407384f,USDS,201469,mint,msc-payment,payments.csv,0x0000000000000000000000000000000000000000,,,0x08978e3700859e476201c1d7438b3427e3c81140,SKYBASE_SUBPROXY,SKYBASE
2026-05-11,0xb03f728b109246f53d8fbc88c6a35584b8df9e2f0281dfca6e6d401adb7230d6,641,0xa0059dadd7fbdbc81a9bb9d1d17ccb029b6af596,0x6b175474e89094c44da98b954eedeac495271d0f,DAI,3144308,mint,plumbing,new,0x0000000000000000000000000000000000000000,,,0xbe8e3e3618f7474f8cb1d074a26affef007e98fb,MCD_PAUSE_PROXY,
2026-05-11,0xb03f728b109246f53d8fbc88c6a35584b8df9e2f0281dfca6e6d401adb7230d6,644,0xa0059dadd7fbdbc81a9bb9d1d17ccb029b6af596,0x6b175474e89094c44da98b954eedeac495271d0f,DAI,3144308,transfer,plumbing,new,0xbe8e3e3618f7474f8cb1d074a26affef007e98fb,MCD_PAUSE_PROXY,,0x3225737a9bbb6473cb4a45b7244aca2befdb276a,DAI_USDS,
2026-05-11,0xb03f728b109246f53d8fbc88c6a35584b8df9e2f0281dfca6e6d401adb7230d6,646,0xa0059dadd7fbdbc81a9bb9d1d17ccb029b6af596,0x6b175474e89094c44da98b954eedeac495271d0f,DAI,3144308,burn,plumbing,new,0x3225737a9bbb6473cb4a45b7244aca2befdb276a,DAI_USDS,,0x0000000000000000000000000000000000000000,,
2026-05-11,0xb03f728b109246f53d8fbc88c6a35584b8df9e2f0281dfca6e6d401adb7230d6,649,0xa0059dadd7fbdbc81a9bb9d1d17ccb029b6af596,0xdc035d45d973e3ec169d2276ddab16f1e407384f,USDS,3144308,mint,plumbing,new,0x0000000000000000000000000000000000000000,,,0x210cfcf53d1f9648c1c4dcaee677f0cb06914364,Core Council Buffer,
2026-05-11,0xb03f728b109246f53d8fbc88c6a35584b8df9e2f0281dfca6e6d401adb7230d6,652,0xa0059dadd7fbdbc81a9bb9d1d17ccb029b6af596,0x56072c95faa701256059aa122697b133aded9279,SKY,48548.199486111111111111,transfer,plumbing,new,0xbe8e3e3618f7474f8cb1d074a26affef007e98fb,MCD_PAUSE_PROXY,,0x675671a8756ddb69f7254afb030865388ef699ee,REWARDS_DIST_LSSKY_SKY,
2026-05-11,0xb03f728b109246f53d8fbc88c6a35584b8df9e2f0281dfca6e6d401adb7230d6,654,0xa0059dadd7fbdbc81a9bb9d1d17ccb029b6af596,0x56072c95faa701256059aa122697b133aded9279,SKY,48548.199486111111111111,transfer,plumbing,new,0x675671a8756ddb69f7254afb030865388ef699ee,REWARDS_DIST_LSSKY_SKY,,0xb44c2fb4181d7cb06bdff34a46fdfe4a259b40fc,REWARDS_LSSKY_SKY,
2026-06-08,0xe7f44210500645c9ba414177013cea83602c0f3f47e128377f4039c2eefda872,225,0x0ae3371e9c4e37515259d124c685fe6722c5e253,0xa0b86991c6218b36c1d19d4a2e9eb0ce3606eb48,USDC,14319243.51,transfer,plumbing,new,0xbe8e3e3618f7474f8cb1d074a26affef007e98fb,MCD_PAUSE_PROXY,,0x37305b1cd40574e4c5ce33f8e8306be057fd7341,MCD_LITE_PSM_USDC_A_POCKET,
2026-06-08,0xe7f44210500645c9ba414177013cea83602c0f3f47e128377f4039c2eefda872,226,0x0ae3371e9c4e37515259d124c685fe6722c5e253,0x6b175474e89094c44da98b954eedeac495271d0f,DAI,14319243.51,transfer,plumbing,new,0xf6e72db5454dd049d0788e411b06cfaf16853042,MCD_LITE_PSM_USDC_A,,0xa3342059bcdcfa57a13b12a35ed4bbe59b873005,RWA001_A_URN,
2026-06-08,0xe7f44210500645c9ba414177013cea83602c0f3f47e128377f4039c2eefda872,230,0x0ae3371e9c4e37515259d124c685fe6722c5e253,0x6b175474e89094c44da98b954eedeac495271d0f,DAI,14319243.51,burn,plumbing,new,0xa3342059bcdcfa57a13b12a35ed4bbe59b873005,RWA001_A_URN,,0x0000000000000000000000000000000000000000,,
2026-06-22,0xa2bffc99b76e5a2e2733ac1f5c350c1d7590e5ae74862fad58b2816b7ab8fba6,144,0xc136c3c419746c2e8c0b95100ac866a747e3e04b,0x6b175474e89094c44da98b954eedeac495271d0f,DAI,4204857,mint,plumbing,new,0x0000000000000000000000000000000000000000,,,0xbe8e3e3618f7474f8cb1d074a26affef007e98fb,MCD_PAUSE_PROXY,
2026-06-22,0xa2bffc99b76e5a2e2733ac1f5c350c1d7590e5ae74862fad58b2816b7ab8fba6,147,0xc136c3c419746c2e8c0b95100ac866a747e3e04b,0x6b175474e89094c44da98b954eedeac495271d0f,DAI,4204857,transfer,plumbing,new,0xbe8e3e3618f7474f8cb1d074a26affef007e98fb,MCD_PAUSE_PROXY,,0x3225737a9bbb6473cb4a45b7244aca2befdb276a,DAI_USDS,
2026-06-22,0xa2bffc99b76e5a2e2733ac1f5c350c1d7590e5ae74862fad58b2816b7ab8fba6,149,0xc136c3c419746c2e8c0b95100ac866a747e3e04b,0x6b175474e89094c44da98b954eedeac495271d0f,DAI,4204857,burn,plumbing,new,0x3225737a9bbb6473cb4a45b7244aca2befdb276a,DAI_USDS,,0x0000000000000000000000000000000000000000,,
2026-06-22,0xa2bffc99b76e5a2e2733ac1f5c350c1d7590e5ae74862fad58b2816b7ab8fba6,152,0xc136c3c419746c2e8c0b95100ac866a747e3e04b,0xdc035d45d973e3ec169d2276ddab16f1e407384f,USDS,4204857,mint,msc-payment,payments.csv,0x0000000000000000000000000000000000000000,,,0x3300f198988e4c9c63f75df86de36421f06af8c4,SPARK_SUBPROXY,SPARK
2026-06-22,0xa2bffc99b76e5a2e2733ac1f5c350c1d7590e5ae74862fad58b2816b7ab8fba6,161,0xc136c3c419746c2e8c0b95100ac866a747e3e04b,0x6b175474e89094c44da98b954eedeac495271d0f,DAI,271843,mint,plumbing,new,0x0000000000000000000000000000000000000000,,,0xbe8e3e3618f7474f8cb1d074a26affef007e98fb,MCD_PAUSE_PROXY,
2026-06-22,0xa2bffc99b76e5a2e2733ac1f5c350c1d7590e5ae74862fad58b2816b7ab8fba6,164,0xc136c3c419746c2e8c0b95100ac866a747e3e04b,0x6b175474e89094c44da98b954eedeac495271d0f,DAI,271843,transfer,plumbing,new,0xbe8e3e3618f7474f8cb1d074a26affef007e98fb,MCD_PAUSE_PROXY,,0x3225737a9bbb6473cb4a45b7244aca2befdb276a,DAI_USDS,
2026-06-22,0xa2bffc99b76e5a2e2733ac1f5c350c1d7590e5ae74862fad58b2816b7ab8fba6,166,0xc136c3c419746c2e8c0b95100ac866a747e3e04b,0x6b175474e89094c44da98b954eedeac495271d0f,DAI,271843,burn,plumbing,new,0x3225737a9bbb6473cb4a45b7244aca2befdb276a,DAI_USDS,,0x0000000000000000000000000000000000000000,,
2026-06-22,0xa2bffc99b76e5a2e2733ac1f5c350c1d7590e5ae74862fad58b2816b7ab8fba6,169,0xc136c3c419746c2e8c0b95100ac866a747e3e04b,0xdc035d45d973e3ec169d2276ddab16f1e407384f,USDS,271843,mint,msc-payment,payments.csv,0x0000000000000000000000000000000000000000,,,0x1369f7b2b38c76b6478c0f0e66d94923421891ba,GROVE_SUBPROXY,GROVE
2026-06-22,0xa2bffc99b76e5a2e2733ac1f5c350c1d7590e5ae74862fad58b2816b7ab8fba6,174,0xc136c3c419746c2e8c0b95100ac866a747e3e04b,0x6b175474e89094c44da98b954eedeac495271d0f,DAI,32279,mint,plumbing,new,0x0000000000000000000000000000000000000000,,,0xbe8e3e3618f7474f8cb1d074a26affef007e98fb,MCD_PAUSE_PROXY,
2026-06-22,0xa2bffc99b76e5a2e2733ac1f5c350c1d7590e5ae74862fad58b2816b7ab8fba6,177,0xc136c3c419746c2e8c0b95100ac866a747e3e04b,0x6b175474e89094c44da98b954eedeac495271d0f,DAI,32279,transfer,plumbing,new,0xbe8e3e3618f7474f8cb1d074a26affef007e98fb,MCD_PAUSE_PROXY,,0x3225737a9bbb6473cb4a45b7244aca2befdb276a,DAI_USDS,
2026-06-22,0xa2bffc99b76e5a2e2733ac1f5c350c1d7590e5ae74862fad58b2816b7ab8fba6,179,0xc136c3c419746c2e8c0b95100ac866a747e3e04b,0x6b175474e89094c44da98b954eedeac495271d0f,DAI,32279,burn,plumbing,new,0x3225737a9bbb6473cb4a45b7244aca2befdb276a,DAI_USDS,,0x0000000000000000000000000000000000000000,,
2026-06-22,0xa2bffc99b76e5a2e2733ac1f5c350c1d7590e5ae74862fad58b2816b7ab8fba6,182,0xc136c3c419746c2e8c0b95100ac866a747e3e04b,0xdc035d45d973e3ec169d2276ddab16f1e407384f,USDS,32279,mint,msc-payment,payments.csv,0x0000000000000000000000000000000000000000,,,0x355cd90ecb1b409fdf8b64c4473c3b858da2c310,KEEL_SUBPROXY,KEEL
2026-06-22,0xa2bffc99b76e5a2e2733ac1f5c350c1d7590e5ae74862fad58b2816b7ab8fba6,191,0xc136c3c419746c2e8c0b95100ac866a747e3e04b,0x6b175474e89094c44da98b954eedeac495271d0f,DAI,526204,mint,plumbing,new,0x0000000000000000000000000000000000000000,,,0xbe8e3e3618f7474f8cb1d074a26affef007e98fb,MCD_PAUSE_PROXY,
2026-06-22,0xa2bffc99b76e5a2e2733ac1f5c350c1d7590e5ae74862fad58b2816b7ab8fba6,194,0xc136c3c419746c2e8c0b95100ac866a747e3e04b,0x6b175474e89094c44da98b954eedeac495271d0f,DAI,526204,transfer,plumbing,new,0xbe8e3e3618f7474f8cb1d074a26affef007e98fb,MCD_PAUSE_PROXY,,0x3225737a9bbb6473cb4a45b7244aca2befdb276a,DAI_USDS,
2026-06-22,0xa2bffc99b76e5a2e2733ac1f5c350c1d7590e5ae74862fad58b2816b7ab8fba6,196,0xc136c3c419746c2e8c0b95100ac866a747e3e04b,0x6b175474e89094c44da98b954eedeac495271d0f,DAI,526204,burn,plumbing,new,0x3225737a9bbb6473cb4a45b7244aca2befdb276a,DAI_USDS,,0x0000000000000000000000000000000000000000,,
2026-06-22,0xa2bffc99b76e5a2e2733ac1f5c350c1d7590e5ae74862fad58b2816b7ab8fba6,199,0xc136c3c419746c2e8c0b95100ac866a747e3e04b,0xdc035d45d973e3ec169d2276ddab16f1e407384f,USDS,526204,mint,msc-payment,payments.csv,0x0000000000000000000000000000000000000000,,,0x8be042581f581e3620e29f213ea8b94afa1c8071,OBEX_SUBPROXY,OBEX
2026-06-22,0xa2bffc99b76e5a2e2733ac1f5c350c1d7590e5ae74862fad58b2816b7ab8fba6,204,0xc136c3c419746c2e8c0b95100ac866a747e3e04b,0x6b175474e89094c44da98b954eedeac495271d0f,DAI,1806616,mint,plumbing,new,0x0000000000000000000000000000000000000000,,,0xbe8e3e3618f7474f8cb1d074a26affef007e98fb,MCD_PAUSE_PROXY,
2026-06-22,0xa2bffc99b76e5a2e2733ac1f5c350c1d7590e5ae74862fad58b2816b7ab8fba6,207,0xc136c3c419746c2e8c0b95100ac866a747e3e04b,0x6b175474e89094c44da98b954eedeac495271d0f,DAI,1806616,transfer,plumbing,new,0xbe8e3e3618f7474f8cb1d074a26affef007e98fb,MCD_PAUSE_PROXY,,0x3225737a9bbb6473cb4a45b7244aca2befdb276a,DAI_USDS,
2026-06-22,0xa2bffc99b76e5a2e2733ac1f5c350c1d7590e5ae74862fad58b2816b7ab8fba6,209,0xc136c3c419746c2e8c0b95100ac866a747e3e04b,0x6b175474e89094c44da98b954eedeac495271d0f,DAI,1806616,burn,plumbing,new,0x3225737a9bbb6473cb4a45b7244aca2befdb276a,DAI_USDS,,0x0000000000000000000000000000000000000000,,
2026-06-22,0xa2bffc99b76e5a2e2733ac1f5c350c1d7590e5ae74862fad58b2816b7ab8fba6,212,0xc136c3c419746c2e8c0b95100ac866a747e3e04b,0xdc035d45d973e3ec169d2276ddab16f1e407384f,USDS,1806616,mint,msc-payment,payments.csv,0x0000000000000000000000000000000000000000,,,0x08978e3700859e476201c1d7438b3427e3c81140,SKYBASE_SUBPROXY,SKYBASE
2026-06-22,0xa2bffc99b76e5a2e2733ac1f5c350c1d7590e5ae74862fad58b2816b7ab8fba6,217,0xc136c3c419746c2e8c0b95100ac866a747e3e04b,0x6b175474e89094c44da98b954eedeac495271d0f,DAI,2946125,mint,plumbing,new,0x0000000000000000000000000000000000000000,,,0xbe8e3e3618f7474f8cb1d074a26affef007e98fb,MCD_PAUSE_PROXY,
2026-06-22,0xa2bffc99b76e5a2e2733ac1f5c350c1d7590e5ae74862fad58b2816b7ab8fba6,220,0xc136c3c419746c2e8c0b95100ac866a747e3e04b,0x6b175474e89094c44da98b954eedeac495271d0f,DAI,2946125,transfer,plumbing,new,0xbe8e3e3618f7474f8cb1d074a26affef007e98fb,MCD_PAUSE_PROXY,,0x3225737a9bbb6473cb4a45b7244aca2befdb276a,DAI_USDS,
2026-06-22,0xa2bffc99b76e5a2e2733ac1f5c350c1d7590e5ae74862fad58b2816b7ab8fba6,222,0xc136c3c419746c2e8c0b95100ac866a747e3e04b,0x6b175474e89094c44da98b954eedeac495271d0f,DAI,2946125,burn,plumbing,new,0x3225737a9bbb6473cb4a45b7244aca2befdb276a,DAI_USDS,,0x0000000000000000000000000000000000000000,,
2026-06-22,0xa2bffc99b76e5a2e2733ac1f5c350c1d7590e5ae74862fad58b2816b7ab8fba6,225,0xc136c3c419746c2e8c0b95100ac866a747e3e04b,0xdc035d45d973e3ec169d2276ddab16f1e407384f,USDS,2946125,mint,plumbing,new,0x0000000000000000000000000000000000000000,,,0x210cfcf53d1f9648c1c4dcaee677f0cb06914364,Core Council Buffer,
2026-06-22,0xa2bffc99b76e5a2e2733ac1f5c350c1d7590e5ae74862fad58b2816b7ab8fba6,228,0xc136c3c419746c2e8c0b95100ac866a747e3e04b,0x56072c95faa701256059aa122697b133aded9279,SKY,663656.149333333333333334,transfer,plumbing,new,0xbe8e3e3618f7474f8cb1d074a26affef007e98fb,MCD_PAUSE_PROXY,,0x675671a8756ddb69f7254afb030865388ef699ee,REWARDS_DIST_LSSKY_SKY,
2026-06-22,0xa2bffc99b76e5a2e2733ac1f5c350c1d7590e5ae74862fad58b2816b7ab8fba6,230,0xc136c3c419746c2e8c0b95100ac866a747e3e04b,0x56072c95faa701256059aa122697b133aded9279,SKY,663656.149333333333333334,transfer,plumbing,new,0x675671a8756ddb69f7254afb030865388ef699ee,REWARDS_DIST_LSSKY_SKY,,0xb44c2fb4181d7cb06bdff34a46fdfe4a259b40fc,REWARDS_LSSKY_SKY,
2026-07-06,0xd6a763d43c1cb508c62472268e2be99abece315d856564095f4435f4d008c653,129,0xebf156fb6c87cbe0a962944ec254b519c1441a51,0xb30fe1cf884b48a22a50d22a9282004f2c5e9406,GROVE,23493150.684931506849315068,transfer,plumbing,new,0xbe8e3e3618f7474f8cb1d074a26affef007e98fb,MCD_PAUSE_PROXY,,0xaf7a108b4fb0b2f65e1acc9e1a548abe482559c4,REWARDS_DIST_USDS_GROVE,
2026-07-06,0xd6a763d43c1cb508c62472268e2be99abece315d856564095f4435f4d008c653,131,0xebf156fb6c87cbe0a962944ec254b519c1441a51,0xb30fe1cf884b48a22a50d22a9282004f2c5e9406,GROVE,23493150.684931506849315068,transfer,plumbing,new,0xaf7a108b4fb0b2f65e1acc9e1a548abe482559c4,REWARDS_DIST_USDS_GROVE,,0x4e41488c19cd35eb4de3083fc3e204854c75c86a,REWARDS_USDS_GROVE,
2026-07-06,0xd6a763d43c1cb508c62472268e2be99abece315d856564095f4435f4d008c653,141,0xebf156fb6c87cbe0a962944ec254b519c1441a51,0xdc035d45d973e3ec169d2276ddab16f1e407384f,USDS,14000000,transfer,prime-outflow,new,0xf33b14329e7115dd0b40dbb2985e1a0df10e3faa,AMATSU_SUBPROXY,AMATSU,0xca5183fb9997046fbd9ba8113139bf5a5af122a0,,
2026-07-20,0x6edea9580f8cc7f74257ea1e5591137fb772258a1f3a2a569a9f4b51a42a3268,665,0xfffc346976c53757bcf7a536be340bc0ce1d9163,0x6b175474e89094c44da98b954eedeac495271d0f,DAI,9746443,mint,plumbing,new,0x0000000000000000000000000000000000000000,,,0xbe8e3e3618f7474f8cb1d074a26affef007e98fb,MCD_PAUSE_PROXY,
2026-07-20,0x6edea9580f8cc7f74257ea1e5591137fb772258a1f3a2a569a9f4b51a42a3268,668,0xfffc346976c53757bcf7a536be340bc0ce1d9163,0x6b175474e89094c44da98b954eedeac495271d0f,DAI,9746443,transfer,plumbing,new,0xbe8e3e3618f7474f8cb1d074a26affef007e98fb,MCD_PAUSE_PROXY,,0x3225737a9bbb6473cb4a45b7244aca2befdb276a,DAI_USDS,
2026-07-20,0x6edea9580f8cc7f74257ea1e5591137fb772258a1f3a2a569a9f4b51a42a3268,670,0xfffc346976c53757bcf7a536be340bc0ce1d9163,0x6b175474e89094c44da98b954eedeac495271d0f,DAI,9746443,burn,plumbing,new,0x3225737a9bbb6473cb4a45b7244aca2befdb276a,DAI_USDS,,0x0000000000000000000000000000000000000000,,
2026-07-20,0x6edea9580f8cc7f74257ea1e5591137fb772258a1f3a2a569a9f4b51a42a3268,673,0xfffc346976c53757bcf7a536be340bc0ce1d9163,0xdc035d45d973e3ec169d2276ddab16f1e407384f,USDS,9746443,mint,prime-mint,new,0x0000000000000000000000000000000000000000,,,0x3300f198988e4c9c63f75df86de36421f06af8c4,SPARK_SUBPROXY,SPARK
2026-07-20,0x6edea9580f8cc7f74257ea1e5591137fb772258a1f3a2a569a9f4b51a42a3268,682,0xfffc346976c53757bcf7a536be340bc0ce1d9163,0x6b175474e89094c44da98b954eedeac495271d0f,DAI,2328332,mint,plumbing,new,0x0000000000000000000000000000000000000000,,,0xbe8e3e3618f7474f8cb1d074a26affef007e98fb,MCD_PAUSE_PROXY,
2026-07-20,0x6edea9580f8cc7f74257ea1e5591137fb772258a1f3a2a569a9f4b51a42a3268,685,0xfffc346976c53757bcf7a536be340bc0ce1d9163,0x6b175474e89094c44da98b954eedeac495271d0f,DAI,2328332,transfer,plumbing,new,0xbe8e3e3618f7474f8cb1d074a26affef007e98fb,MCD_PAUSE_PROXY,,0x3225737a9bbb6473cb4a45b7244aca2befdb276a,DAI_USDS,
2026-07-20,0x6edea9580f8cc7f74257ea1e5591137fb772258a1f3a2a569a9f4b51a42a3268,687,0xfffc346976c53757bcf7a536be340bc0ce1d9163,0x6b175474e89094c44da98b954eedeac495271d0f,DAI,2328332,burn,plumbing,new,0x3225737a9bbb6473cb4a45b7244aca2befdb276a,DAI_USDS,,0x0000000000000000000000000000000000000000,,
2026-07-20,0x6edea9580f8cc7f74257ea1e5591137fb772258a1f3a2a569a9f4b51a42a3268,690,0xfffc346976c53757bcf7a536be340bc0ce1d9163,0xdc035d45d973e3ec169d2276ddab16f1e407384f,USDS,2328332,mint,prime-mint,new,0x0000000000000000000000000000000000000000,,,0x1369f7b2b38c76b6478c0f0e66d94923421891ba,GROVE_SUBPROXY,GROVE
2026-07-20,0x6edea9580f8cc7f74257ea1e5591137fb772258a1f3a2a569a9f4b51a42a3268,695,0xfffc346976c53757bcf7a536be340bc0ce1d9163,0x6b175474e89094c44da98b954eedeac495271d0f,DAI,34902,mint,plumbing,new,0x0000000000000000000000000000000000000000,,,0xbe8e3e3618f7474f8cb1d074a26affef007e98fb,MCD_PAUSE_PROXY,
2026-07-20,0x6edea9580f8cc7f74257ea1e5591137fb772258a1f3a2a569a9f4b51a42a3268,698,0xfffc346976c53757bcf7a536be340bc0ce1d9163,0x6b175474e89094c44da98b954eedeac495271d0f,DAI,34902,transfer,plumbing,new,0xbe8e3e3618f7474f8cb1d074a26affef007e98fb,MCD_PAUSE_PROXY,,0x3225737a9bbb6473cb4a45b7244aca2befdb276a,DAI_USDS,
2026-07-20,0x6edea9580f8cc7f74257ea1e5591137fb772258a1f3a2a569a9f4b51a42a3268,700,0xfffc346976c53757bcf7a536be340bc0ce1d9163,0x6b175474e89094c44da98b954eedeac495271d0f,DAI,34902,burn,plumbing,new,0x3225737a9bbb6473cb4a45b7244aca2befdb276a,DAI_USDS,,0x0000000000000000000000000000000000000000,,
2026-07-20,0x6edea9580f8cc7f74257ea1e5591137fb772258a1f3a2a569a9f4b51a42a3268,703,0xfffc346976c53757bcf7a536be340bc0ce1d9163,0xdc035d45d973e3ec169d2276ddab16f1e407384f,USDS,34902,mint,protocol-outflow,new,0x0000000000000000000000000000000000000000,,,0x5e2fec3a3c4e63a422e45c1bb83edb3a5ad0543b,,
2026-07-20,0x6edea9580f8cc7f74257ea1e5591137fb772258a1f3a2a569a9f4b51a42a3268,708,0xfffc346976c53757bcf7a536be340bc0ce1d9163,0x6b175474e89094c44da98b954eedeac495271d0f,DAI,77284,mint,plumbing,new,0x0000000000000000000000000000000000000000,,,0xbe8e3e3618f7474f8cb1d074a26affef007e98fb,MCD_PAUSE_PROXY,
2026-07-20,0x6edea9580f8cc7f74257ea1e5591137fb772258a1f3a2a569a9f4b51a42a3268,711,0xfffc346976c53757bcf7a536be340bc0ce1d9163,0x6b175474e89094c44da98b954eedeac495271d0f,DAI,77284,transfer,plumbing,new,0xbe8e3e3618f7474f8cb1d074a26affef007e98fb,MCD_PAUSE_PROXY,,0x3225737a9bbb6473cb4a45b7244aca2befdb276a,DAI_USDS,
2026-07-20,0x6edea9580f8cc7f74257ea1e5591137fb772258a1f3a2a569a9f4b51a42a3268,713,0xfffc346976c53757bcf7a536be340bc0ce1d9163,0x6b175474e89094c44da98b954eedeac495271d0f,DAI,77284,burn,plumbing,new,0x3225737a9bbb6473cb4a45b7244aca2befdb276a,DAI_USDS,,0x0000000000000000000000000000000000000000,,
2026-07-20,0x6edea9580f8cc7f74257ea1e5591137fb772258a1f3a2a569a9f4b51a42a3268,716,0xfffc346976c53757bcf7a536be340bc0ce1d9163,0xdc035d45d973e3ec169d2276ddab16f1e407384f,USDS,77284,mint,prime-mint,new,0x0000000000000000000000000000000000000000,,,0x355cd90ecb1b409fdf8b64c4473c3b858da2c310,KEEL_SUBPROXY,KEEL
2026-07-20,0x6edea9580f8cc7f74257ea1e5591137fb772258a1f3a2a569a9f4b51a42a3268,725,0xfffc346976c53757bcf7a536be340bc0ce1d9163,0x6b175474e89094c44da98b954eedeac495271d0f,DAI,1519539,mint,plumbing,new,0x0000000000000000000000000000000000000000,,,0xbe8e3e3618f7474f8cb1d074a26affef007e98fb,MCD_PAUSE_PROXY,
2026-07-20,0x6edea9580f8cc7f74257ea1e5591137fb772258a1f3a2a569a9f4b51a42a3268,728,0xfffc346976c53757bcf7a536be340bc0ce1d9163,0x6b175474e89094c44da98b954eedeac495271d0f,DAI,1519539,transfer,plumbing,new,0xbe8e3e3618f7474f8cb1d074a26affef007e98fb,MCD_PAUSE_PROXY,,0x3225737a9bbb6473cb4a45b7244aca2befdb276a,DAI_USDS,
2026-07-20,0x6edea9580f8cc7f74257ea1e5591137fb772258a1f3a2a569a9f4b51a42a3268,730,0xfffc346976c53757bcf7a536be340bc0ce1d9163,0x6b175474e89094c44da98b954eedeac495271d0f,DAI,1519539,burn,plumbing,new,0x3225737a9bbb6473cb4a45b7244aca2befdb276a,DAI_USDS,,0x0000000000000000000000000000000000000000,,
2026-07-20,0x6edea9580f8cc7f74257ea1e5591137fb772258a1f3a2a569a9f4b51a42a3268,733,0xfffc346976c53757bcf7a536be340bc0ce1d9163,0xdc035d45d973e3ec169d2276ddab16f1e407384f,USDS,1519539,mint,prime-mint,new,0x0000000000000000000000000000000000000000,,,0x8be042581f581e3620e29f213ea8b94afa1c8071,OBEX_SUBPROXY,OBEX
2026-07-20,0x6edea9580f8cc7f74257ea1e5591137fb772258a1f3a2a569a9f4b51a42a3268,738,0xfffc346976c53757bcf7a536be340bc0ce1d9163,0x6b175474e89094c44da98b954eedeac495271d0f,DAI,204242,mint,plumbing,new,0x0000000000000000000000000000000000000000,,,0xbe8e3e3618f7474f8cb1d074a26affef007e98fb,MCD_PAUSE_PROXY,
2026-07-20,0x6edea9580f8cc7f74257ea1e5591137fb772258a1f3a2a569a9f4b51a42a3268,741,0xfffc346976c53757bcf7a536be340bc0ce1d9163,0x6b175474e89094c44da98b954eedeac495271d0f,DAI,204242,transfer,plumbing,new,0xbe8e3e3618f7474f8cb1d074a26affef007e98fb,MCD_PAUSE_PROXY,,0x3225737a9bbb6473cb4a45b7244aca2befdb276a,DAI_USDS,
2026-07-20,0x6edea9580f8cc7f74257ea1e5591137fb772258a1f3a2a569a9f4b51a42a3268,743,0xfffc346976c53757bcf7a536be340bc0ce1d9163,0x6b175474e89094c44da98b954eedeac495271d0f,DAI,204242,burn,plumbing,new,0x3225737a9bbb6473cb4a45b7244aca2befdb276a,DAI_USDS,,0x0000000000000000000000000000000000000000,,
2026-07-20,0x6edea9580f8cc7f74257ea1e5591137fb772258a1f3a2a569a9f4b51a42a3268,746,0xfffc346976c53757bcf7a536be340bc0ce1d9163,0xdc035d45d973e3ec169d2276ddab16f1e407384f,USDS,204242,mint,prime-mint,new,0x0000000000000000000000000000000000000000,,,0x08978e3700859e476201c1d7438b3427e3c81140,SKYBASE_SUBPROXY,SKYBASE
2026-07-20,0x6edea9580f8cc7f74257ea1e5591137fb772258a1f3a2a569a9f4b51a42a3268,751,0xfffc346976c53757bcf7a536be340bc0ce1d9163,0x6b175474e89094c44da98b954eedeac495271d0f,DAI,3378069,mint,plumbing,new,0x0000000000000000000000000000000000000000,,,0xbe8e3e3618f7474f8cb1d074a26affef007e98fb,MCD_PAUSE_PROXY,
2026-07-20,0x6edea9580f8cc7f74257ea1e5591137fb772258a1f3a2a569a9f4b51a42a3268,754,0xfffc346976c53757bcf7a536be340bc0ce1d9163,0x6b175474e89094c44da98b954eedeac495271d0f,DAI,3378069,transfer,plumbing,new,0xbe8e3e3618f7474f8cb1d074a26affef007e98fb,MCD_PAUSE_PROXY,,0x3225737a9bbb6473cb4a45b7244aca2befdb276a,DAI_USDS,
2026-07-20,0x6edea9580f8cc7f74257ea1e5591137fb772258a1f3a2a569a9f4b51a42a3268,756,0xfffc346976c53757bcf7a536be340bc0ce1d9163,0x6b175474e89094c44da98b954eedeac495271d0f,DAI,3378069,burn,plumbing,new,0x3225737a9bbb6473cb4a45b7244aca2befdb276a,DAI_USDS,,0x0000000000000000000000000000000000000000,,
2026-07-20,0x6edea9580f8cc7f74257ea1e5591137fb772258a1f3a2a569a9f4b51a42a3268,759,0xfffc346976c53757bcf7a536be340bc0ce1d9163,0xdc035d45d973e3ec169d2276ddab16f1e407384f,USDS,3378069,mint,plumbing,new,0x0000000000000000000000000000000000000000,,,0x210cfcf53d1f9648c1c4dcaee677f0cb06914364,Core Council Buffer,
2026-07-20,0x6edea9580f8cc7f74257ea1e5591137fb772258a1f3a2a569a9f4b51a42a3268,762,0xfffc346976c53757bcf7a536be340bc0ce1d9163,0x56072c95faa701256059aa122697b133aded9279,SKY,471689.928083333333333333,transfer,plumbing,new,0xbe8e3e3618f7474f8cb1d074a26affef007e98fb,MCD_PAUSE_PROXY,,0x675671a8756ddb69f7254afb030865388ef699ee,REWARDS_DIST_LSSKY_SKY,
2026-07-20,0x6edea9580f8cc7f74257ea1e5591137fb772258a1f3a2a569a9f4b51a42a3268,764,0xfffc346976c53757bcf7a536be340bc0ce1d9163,0x56072c95faa701256059aa122697b133aded9279,SKY,471689.928083333333333333,transfer,plumbing,new,0x675671a8756ddb69f7254afb030865388ef699ee,REWARDS_DIST_LSSKY_SKY,,0xb44c2fb4181d7cb06bdff34a46fdfe4a259b40fc,REWARDS_LSSKY_SKY,
